kode_wilayah,kode_provinsi,kode_kabupaten,nama_kabupaten,sd_sederajat,smp_sederajat,sma_sederajat,smk_sederajat,total_siswa,jumlah_sppg,flag_tanpa_sppg,rasio_siswa_per_sppg,kebutuhan_sppg,gap_sppg,kategori_layanan
20500,20,2050,BOGOR,703051,323841,123027,132446,1437666,642.0,0,2239.355140186916,479.222,-162.77800000000002,"Layanan Sesuai (High Demand, High Supply)"
20800,20,2080,BANDUNG,405286,184351,90140,54268,849908,490.0,0,1734.5061224489796,283.30266666666665,-206.69733333333335,"Layanan Sesuai (High Demand, High Supply)"
280300,28,2803,TANGERANG,417022,174765,77573,76649,825053,298.0,0,2768.6342281879197,275.0176666666667,-22.982333333333315,"Layanan Sesuai (High Demand, High Supply)"
22200,22,2220,BEKASI,423093,169132,72021,74158,823184,317.0,0,2596.794952681388,274.3946666666667,-42.605333333333306,"Layanan Sesuai (High Demand, High Supply)"
21100,21,2110,GARUT,316304,152613,78744,52705,720917,452.0,0,1594.9491150442477,240.30566666666667,-211.69433333333333,"Layanan Sesuai (High Demand, High Supply)"
20600,20,2060,SUKABUMI,301321,133273,62348,37190,628860,355.0,0,1771.4366197183099,209.62,-145.38,"Layanan Sesuai (High Demand, High Supply)"
20700,20,2070,CIANJUR,296853,128247,45486,53308,598981,345.0,0,1736.176811594203,199.66033333333334,-145.33966666666666,"Layanan Sesuai (High Demand, High Supply)"
56000,56,5600,KOTA SURABAYA,246917,117997,63903,58372,597912,116.0,0,5154.413793103448,199.304,83.304,"Layanan Sesuai (High Demand, High Supply)"
22100,22,2210,KARAWANG,284552,115370,41408,60338,575405,277.0,0,2077.274368231047,191.80166666666668,-85.19833333333332,"Layanan Sesuai (High Demand, High Supply)"
51800,51,5180,MALANG,238639,127662,43555,53434,558371,225.0,0,2481.648888888889,186.12366666666668,-38.87633333333332,"Layanan Sesuai (High Demand, High Supply)"
26500,26,2650,KOTA BEKASI,261639,114042,56188,59593,552890,249.0,0,2220.4417670682733,184.29666666666665,-64.70333333333335,"Layanan Sesuai (High Demand, High Supply)"
76000,76,7600,KOTA MEDAN,233722,122300,85608,48961,532864,199.0,0,2677.708542713568,177.62133333333333,-21.378666666666675,"Layanan Sesuai (High Demand, High Supply)"
21700,21,2170,CIREBON,240943,116942,47405,46937,515518,259.0,0,1990.4169884169885,171.83933333333334,-87.16066666666666,"Layanan Sesuai (High Demand, High Supply)"
52400,52,5240,JEMBER,219352,106707,49291,47365,509299,206.0,0,2472.3252427184466,169.76633333333334,-36.233666666666664,"Layanan Sesuai (High Demand, High Supply)"
26000,26,2600,KOTA BANDUNG,217870,108257,71056,52146,504963,252.0,0,2003.8214285714287,168.321,-83.679,"Layanan Sesuai (High Demand, High Supply)"
70100,70,7010,DELI SERDANG,243447,114342,51921,41475,499770,217.0,0,2303.0875576036865,166.59,-50.41,"Layanan Sesuai (High Demand, High Supply)"
16400,16,1640,KOTA ADM. JAKARTA TIMUR,229428,107781,58777,56504,496992,229.0,0,2170.2707423580787,165.664,-63.33600000000001,"Layanan Sesuai (High Demand, High Supply)"
50200,50,5020,SIDOARJO,201379,94321,43104,43165,465431,142.0,0,3277.6830985915494,155.14366666666666,13.143666666666661,"Layanan Sesuai (High Demand, High Supply)"
21200,21,2120,TASIKMALAYA,179651,98014,46362,37117,427436,281.0,0,1521.1245551601423,142.47866666666667,-138.52133333333333,"Layanan Sesuai (High Demand, High Supply)"
26600,26,2660,KOTA DEPOK,205243,92434,39023,38319,425695,192.0,0,2217.1614583333335,141.89833333333334,-50.10166666666666,"Layanan Sesuai (High Demand, High Supply)"
280400,28,2804,SERANG,202437,85881,42835,27219,413341,216.0,0,1913.6157407407406,137.78033333333335,-78.21966666666665,"Layanan Sesuai (High Demand, High Supply)"
22300,22,2230,BANDUNG BARAT,195179,90820,40389,29144,410290,221.0,0,1856.5158371040725,136.76333333333332,-84.23666666666668,"Layanan Sesuai (High Demand, High Supply)"
32900,32,3290,BREBES,191357,88127,29588,40677,398129,190.0,0,2095.415789473684,132.70966666666666,-57.290333333333336,"Layanan Sesuai (High Demand, High Supply)"
116000,11,1160,KOTA PALEMBANG,184689,87441,58704,33135,397927,206.0,0,1931.6844660194174,132.64233333333334,-73.35766666666666,"Layanan Sesuai (High Demand, High Supply)"
21800,21,2180,INDRAMAYU,192433,82604,28500,44009,397465,191.0,0,2080.9685863874347,132.48833333333334,-58.511666666666656,"Layanan Sesuai (High Demand, High Supply)"
286100,28,2861,KOTA TANGERANG,186594,80631,37839,45374,394422,87.0,0,4533.586206896552,131.474,44.47399999999999,"Layanan Sesuai (High Demand, High Supply)"
30100,30,3010,CILACAP,177221,84993,28976,44539,381340,198.0,0,1925.959595959596,127.11333333333333,-70.88666666666667,"Layanan Sesuai (High Demand, High Supply)"
230300,23,2303,LOMBOK TIMUR,164293,77938,52047,19648,379635,251.0,0,1512.4900398406373,126.545,-124.455,"Layanan Sesuai (High Demand, High Supply)"
30200,30,3020,BANYUMAS,158309,84406,29103,51508,364034,213.0,0,1709.0798122065728,121.34466666666667,-91.65533333333333,"Layanan Sesuai (High Demand, High Supply)"
51900,51,5190,PASURUAN,155240,78538,37076,29510,363398,104.0,0,3494.2115384615386,121.13266666666667,17.132666666666665,"Layanan Sesuai (High Demand, High Supply)"
16200,16,1620,KOTA ADM. JAKARTA BARAT,166946,78355,33914,41977,351112,63.0,0,5573.206349206349,117.03733333333334,54.037333333333336,"Layanan Sesuai (High Demand, High Supply)"
36300,36,3630,KOTA SEMARANG,144659,73457,37713,35773,349574,171.0,0,2044.2923976608188,116.52466666666666,-54.47533333333334,"Layanan Sesuai (High Demand, High Supply)"
16300,16,1630,KOTA ADM. JAKARTA SELATAN,149438,77734,46755,43473,348422,120.0,0,2903.516666666667,116.14066666666666,-3.859333333333339,"Layanan Sesuai (High Demand, High Supply)"
286300,28,2863,KOTA TANGERANG SELATAN,164934,72779,37744,34250,345313,109.0,0,3168.0091743119265,115.10433333333333,6.104333333333329,"Layanan Sesuai (High Demand, High Supply)"
21900,21,2190,SUBANG,156937,76702,33790,30872,344520,194.0,0,1775.8762886597938,114.84,-79.16,"Layanan Sesuai (High Demand, High Supply)"
280200,28,2802,LEBAK,168984,75745,36617,20158,343076,194.0,0,1768.4329896907216,114.35866666666666,-79.64133333333334,"Layanan Sesuai (High Demand, High Supply)"
51300,51,5130,KEDIRI,135383,75969,33891,26722,337162,182.0,0,1852.5384615384614,112.38733333333333,-69.61266666666667,"Layanan Sesuai (High Demand, High Supply)"
32800,32,3280,TEGAL,161990,69059,16818,40623,335857,168.0,0,1999.1488095238096,111.95233333333333,-56.04766666666667,"Layanan Sesuai (High Demand, High Supply)"
52500,52,5250,BANYUWANGI,140700,75028,31262,36474,335239,144.0,0,2328.0486111111113,111.74633333333334,-32.25366666666666,"Layanan Sesuai (High Demand, High Supply)"
280100,28,2801,PANDEGLANG,158540,71591,31626,25282,325270,188.0,0,1730.159574468085,108.42333333333333,-79.57666666666667,"Layanan Sesuai (High Demand, High Supply)"
50400,50,5040,JOMBANG,116167,77165,46241,31080,323088,144.0,0,2243.6666666666665,107.696,-36.304,"Layanan Sesuai (High Demand, High Supply)"
196000,19,1960,KOTA MAKASSAR,146010,69413,47978,22456,314058,122.0,0,2574.245901639344,104.686,-17.313999999999993,"Layanan Sesuai (High Demand, High Supply)"
50100,50,5010,GRESIK,125723,59888,34071,23760,308074,145.0,0,2124.648275862069,102.69133333333333,-42.30866666666667,"Layanan Sesuai (High Demand, High Supply)"
316000,31,3160,KOTA BATAM,148877,67291,35618,29475,305453,135.0,0,2262.614814814815,101.81766666666667,-33.18233333333333,"Layanan Sesuai (High Demand, High Supply)"
32700,32,3270,PEMALANG,148163,63792,16792,34758,300937,143.0,0,2104.4545454545455,100.31233333333333,-42.68766666666667,"Layanan Sesuai (High Demand, High Supply)"
230200,23,2302,LOMBOK TENGAH,129270,59439,39164,13934,300271,172.0,0,1745.7616279069769,100.09033333333333,-71.90966666666667,"Layanan Sesuai (High Demand, High Supply)"
31500,31,3150,GROBOGAN,129113,62505,29655,26924,294499,167.0,0,1763.4670658682635,98.16633333333333,-68.83366666666667,"Layanan Sesuai (High Demand, High Supply)"
120200,12,1202,LAMPUNG TENGAH,132629,68348,34093,20981,292749,166.0,0,1763.5481927710844,97.583,-68.417,"Layanan Sesuai (High Demand, High Supply)"
31800,31,3180,PATI,116752,62726,32752,24146,286771,165.0,0,1738.0060606060606,95.59033333333333,-69.40966666666667,"Layanan Sesuai (High Demand, High Supply)"
32000,32,3200,JEPARA,117478,58337,30282,22779,282945,175.0,0,1616.8285714285714,94.315,-80.685,"Layanan Sesuai (High Demand, High Supply)"
21600,21,2160,MAJALENGKA,124312,61028,29532,24987,282639,155.0,0,1823.4774193548387,94.213,-60.787000000000006,"Layanan Sesuai (High Demand, High Supply)"
30500,30,3050,KEBUMEN,119753,61222,20493,37184,277659,169.0,0,1642.9526627218936,92.553,-76.447,"Layanan Sesuai (High Demand, High Supply)"
32100,32,3210,DEMAK,121878,57664,32647,16920,276599,151.0,0,1831.7814569536424,92.19966666666667,-58.80033333333333,"Layanan Sesuai (High Demand, High Supply)"
50700,50,5070,LAMONGAN,102538,55682,34269,19773,274626,166.0,0,1654.3734939759036,91.542,-74.458,"Layanan Sesuai (High Demand, High Supply)"
21500,21,2150,KUNINGAN,113150,60110,28184,26919,269986,168.0,0,1607.0595238095239,89.99533333333333,-78.00466666666667,"Layanan Sesuai (High Demand, High Supply)"
50500,50,5050,BOJONEGORO,99743,53606,30226,23723,267458,141.0,0,1896.8652482269504,89.15266666666666,-51.84733333333334,"Layanan Sesuai (High Demand, High Supply)"
96000,96,9600,KOTA PEKANBARU,121037,55056,35006,30316,263881,133.0,0,1984.0676691729323,87.96033333333334,-45.03966666666666,"Layanan Sesuai (High Demand, High Supply)"
26100,26,2610,KOTA BOGOR,117799,56820,27252,33324,258360,132.0,0,1957.2727272727273,86.12,-45.879999999999995,"Layanan Sesuai (High Demand, High Supply)"
21400,21,2140,CIAMIS,109713,59114,27611,19643,257580,173.0,0,1488.9017341040462,85.86,-87.14,"Layanan Sesuai (High Demand, High Supply)"
30800,30,3080,MAGELANG,111829,54605,24074,21949,256526,146.0,0,1757.027397260274,85.50866666666667,-60.49133333333333,"Layanan Sesuai (High Demand, High Supply)"
21000,21,2100,SUMEDANG,112704,57095,24794,22969,254537,147.0,0,1731.544217687075,84.84566666666667,-62.15433333333333,"Layanan Sesuai (High Demand, High Supply)"
16100,16,1610,KOTA ADM. JAKARTA UTARA,118531,58097,26425,26940,253573,103.0,0,2461.873786407767,84.52433333333333,-18.47566666666667,"Layanan Sesuai (High Demand, High Supply)"
120100,12,1201,LAMPUNG SELATAN,119598,55710,25407,20992,253369,148.0,0,1711.9527027027027,84.45633333333333,-63.54366666666667,"Layanan Sesuai (High Demand, High Supply)"
50300,50,5030,MOJOKERTO,95856,53702,26322,25901,252371,109.0,0,2315.330275229358,84.12366666666667,-24.876333333333335,"Layanan Sesuai (High Demand, High Supply)"
31000,31,3100,KLATEN,102829,54023,21262,28987,252357,146.0,0,1728.472602739726,84.119,-61.881,"Layanan Sesuai (High Demand, High Supply)"
52000,52,5200,PROBOLINGGO,108164,50764,30590,12145,251517,106.0,0,2372.801886792453,83.839,-22.161,"Layanan Sesuai (High Demand, High Supply)"
52700,52,5270,SAMPANG,118499,48775,24134,10241,247001,147.0,0,1680.2789115646258,82.33366666666667,-64.66633333333333,"Layanan Sesuai (High Demand, High Supply)"
70200,70,7020,LANGKAT,113865,57009,30202,19864,246937,76.0,0,3249.1710526315787,82.31233333333333,6.312333333333328,"Layanan Sesuai (High Demand, High Supply)"
52900,52,5290,BANGKALAN,115755,51989,26530,15118,245155,127.0,0,1930.3543307086613,81.71833333333333,-45.281666666666666,"Layanan Sesuai (High Demand, High Supply)"
22000,22,2200,PURWAKARTA,116112,54739,25593,19432,244064,149.0,0,1638.013422818792,81.35466666666666,-67.64533333333334,"Layanan Sesuai (High Demand, High Supply)"
126000,12,1260,KOTA BANDAR LAMPUNG,109046,51810,33722,22842,243289,139.0,0,1750.2805755395684,81.09633333333333,-57.903666666666666,"Layanan Sesuai (High Demand, High Supply)"
120700,12,1207,LAMPUNG TIMUR,106077,56052,24140,19002,240014,150.0,0,1600.0933333333332,80.00466666666667,-69.99533333333333,"Layanan Sesuai (High Demand, High Supply)"
50600,50,5060,TUBAN,98223,48346,22010,18818,238027,136.0,0,1750.1985294117646,79.34233333333333,-56.65766666666667,"Layanan Sesuai (High Demand, High Supply)"
40200,40,4020,SLEMAN,93078,50881,24005,22240,236072,133.0,0,1774.9774436090227,78.69066666666667,-54.30933333333333,"Layanan Sesuai (High Demand, High Supply)"
52600,52,5260,PAMEKASAN,89681,45669,33387,14584,230769,128.0,0,1802.8828125,76.923,-51.077,"Layanan Sesuai (High Demand, High Supply)"
51400,51,5140,NGANJUK,89403,51222,24524,24356,228236,122.0,0,1870.7868852459017,76.07866666666666,-45.92133333333334,"Layanan Sesuai (High Demand, High Supply)"
52800,52,5280,SUMENEP,99570,44975,32455,6813,226905,100.0,0,2269.05,75.635,-24.364999999999995,"Layanan Sesuai (High Demand, High Supply)"
32400,32,3240,KENDAL,94803,48186,19867,25908,226743,118.0,0,1921.550847457627,75.581,-42.419,"Layanan Sesuai (High Demand, High Supply)"
90100,90,9010,KAMPAR,109856,50465,32422,9144,226655,111.0,0,2041.936936936937,75.55166666666666,-35.44833333333334,"Layanan Sesuai (High Demand, High Supply)"
51500,51,5150,BLITAR,98836,51526,17767,18071,224247,120.0,0,1868.725,74.749,-45.251000000000005,"Layanan Sesuai (High Demand, High Supply)"
30900,30,3090,BOYOLALI,93051,47763,21190,23068,221067,119.0,0,1857.7058823529412,73.689,-45.31100000000001,"Layanan Sesuai (High Demand, High Supply)"
32600,32,3260,PEKALONGAN,97410,43886,13114,22594,220238,90.0,0,2447.088888888889,73.41266666666667,-16.587333333333333,"Layanan Sesuai (High Demand, High Supply)"
32200,32,3220,SEMARANG,94816,44789,18570,22383,219299,126.0,0,1740.468253968254,73.09966666666666,-52.900333333333336,"Layanan Sesuai (High Demand, High Supply)"
51600,51,5160,TULUNGAGUNG,85499,48551,19916,25294,219169,132.0,0,1660.371212121212,73.05633333333333,-58.94366666666667,"Layanan Sesuai (High Demand, High Supply)"
56100,56,5610,KOTA MALANG,84610,41226,25610,33667,218891,80.0,0,2736.1375,72.96366666666667,-7.0363333333333316,"Layanan Sesuai (High Demand, High Supply)"
52100,52,5210,LUMAJANG,92559,46089,23088,13375,217373,86.0,0,2527.593023255814,72.45766666666667,-13.542333333333332,"Layanan Sesuai (High Demand, High Supply)"
31900,31,3190,KUDUS,81396,46828,26673,19669,208276,112.0,0,1859.607142857143,69.42533333333333,-42.57466666666667,"Layanan Sesuai (High Demand, High Supply)"
86100,86,8610,KOTA PADANG,93863,45997,30867,17850,207839,70.0,0,2969.1285714285714,69.27966666666667,-0.720333333333329,"Layanan Sesuai (High Demand, High Supply)"
30400,30,3040,BANJARNEGARA,94308,44028,14269,21167,206100,106.0,0,1944.3396226415093,68.7,-37.3,"Layanan Sesuai (High Demand, High Supply)"
30300,30,3030,PURBALINGGA,92787,45058,15343,24902,205532,108.0,0,1903.0740740740741,68.51066666666667,-39.489333333333335,"Layanan Sesuai (High Demand, High Supply)"
110700,11,1107,BANYUASIN,106488,43090,25053,7208,203700,75.0,0,2716.0,67.9,-7.099999999999994,"Layanan Sesuai (High Demand, High Supply)"
31400,31,3140,SRAGEN,82626,43115,16173,28758,202504,118.0,0,1716.135593220339,67.50133333333333,-50.498666666666665,"Layanan Sesuai (High Demand, High Supply)"
40100,40,4010,BANTUL,74862,39983,22797,19708,198504,120.0,0,1654.2,66.168,-53.831999999999994,"Layanan Sesuai (High Demand, High Supply)"
70400,70,7040,SIMALUNGUN,94161,46790,23622,13363,195716,64.0,0,3058.0625,65.23866666666666,1.23866666666666,"Layanan Sesuai (High Demand, High Supply)"
166000,16,1660,KOTA SAMARINDA,90978,42510,21639,23024,194780,58.0,0,3358.2758620689656,64.92666666666666,6.926666666666662,"Layanan Sesuai (High Demand, High Supply)"
230100,23,2301,LOMBOK BARAT,82986,44361,25760,11856,193558,114.0,0,1697.877192982456,64.51933333333334,-49.480666666666664,"Layanan Sesuai (High Demand, High Supply)"
160200,16,1602,KUTAI KARTANEGARA,92056,41717,20664,14413,190124,41.0,0,4637.170731707317,63.37466666666667,22.37466666666667,"Prioritas Utama (High Demand, Low Supply)"
226000,22,2260,KOTA DENPASAR,85926,38925,19582,22205,189608,45.0,0,4213.511111111111,63.202666666666666,18.202666666666666,"Prioritas Utama (High Demand, Low Supply)"
51100,51,5110,PONOROGO,67953,45801,23407,19041,184820,75.0,0,2464.266666666667,61.60666666666667,-13.39333333333333,"Layanan Sesuai (High Demand, High Supply)"
110200,11,1102,OGAN KOMERING ILIR,93007,38123,20423,10875,184317,84.0,0,2194.25,61.439,-22.561,"Layanan Sesuai (High Demand, High Supply)"
30700,30,3070,WONOSOBO,81059,40127,16007,15586,184107,112.0,0,1643.8125,61.369,-50.631,"Layanan Sesuai (High Demand, High Supply)"
31100,31,3110,SUKOHARJO,74785,38639,19308,19455,184015,107.0,0,1719.766355140187,61.33833333333333,-45.66166666666667,"Layanan Sesuai (High Demand, High Supply)"
91000,91,9100,ROKAN HILIR,89458,39854,27759,5453,181609,65.0,0,2793.9846153846156,60.53633333333333,-4.4636666666666684,"Layanan Sesuai (High Demand, High Supply)"
286200,28,2862,KOTA SERANG,87519,37188,17447,19006,181323,95.0,0,1908.6631578947367,60.441,-34.559,"Layanan Sesuai (High Demand, High Supply)"
110100,11,1101,MUSI BANYUASIN,90377,38062,20967,9857,179987,40.0,0,4499.675,59.995666666666665,19.995666666666665,"Prioritas Utama (High Demand, Low Supply)"
70600,70,7060,ASAHAN,84527,42863,23914,12363,179793,80.0,0,2247.4125,59.931,-20.069000000000003,"Layanan Sesuai (High Demand, High Supply)"
31300,31,3130,KARANGANYAR,75318,38084,14971,18780,179432,96.0,0,1869.0833333333333,59.81066666666667,-36.18933333333333,"Layanan Sesuai (High Demand, High Supply)"
190300,19,1903,GOWA,89083,37429,21466,9427,176864,77.0,0,2296.935064935065,58.95466666666667,-18.045333333333332,"Layanan Sesuai (High Demand, High Supply)"
26800,26,2680,KOTA TASIKMALAYA,74023,39219,22746,15768,175459,116.0,0,1512.5775862068965,58.486333333333334,-57.513666666666666,"Layanan Sesuai (High Demand, High Supply)"
31600,31,3160,BLORA,71055,35826,13386,21979,173148,94.0,0,1842.0,57.716,-36.284,"Layanan Sesuai (High Demand, High Supply)"
32500,32,3250,BATANG,79319,35693,11056,15506,172986,88.0,0,1965.75,57.662,-30.338,"Layanan Sesuai (High Demand, High Supply)"
31200,31,3120,WONOGIRI,70979,37633,12973,21896,169069,86.0,0,1965.9186046511627,56.35633333333333,-29.643666666666668,"Layanan Sesuai (High Demand, High Supply)"
16000,16,1600,KOTA ADM. JAKARTA PUSAT,70539,38937,20202,23686,166323,47.0,0,3538.7872340425533,55.441,8.441000000000003,"Prioritas Utama (High Demand, Low Supply)"
190700,19,1907,BONE,76668,35587,27106,4758,166048,44.0,0,3773.818181818182,55.349333333333334,11.349333333333334,"Prioritas Utama (High Demand, Low Supply)"
90200,90,9020,BENGKALIS,78741,37094,24399,8424,165142,84.0,0,1965.9761904761904,55.047333333333334,-28.952666666666666,"Layanan Sesuai (High Demand, High Supply)"
110800,11,1108,OGAN KOMERING ULU TIMUR,72459,37234,20484,12672,163455,57.0,0,2867.6315789473683,54.485,-2.5150000000000006,"Layanan Sesuai (High Demand, High Supply)"
106000,10,1060,KOTA JAMBI,69044,36136,25914,13083,160847,44.0,0,3655.6136363636365,53.61566666666667,9.61566666666667,"Prioritas Utama (High Demand, Low Supply)"
32300,32,3230,TEMANGGUNG,66939,35826,12661,16023,160341,87.0,0,1843.0,53.447,-33.553,"Layanan Sesuai (High Demand, High Supply)"
90500,90,9050,INDRAGIRI HILIR,82730,34792,23021,5021,159047,38.0,0,4185.4473684210525,53.01566666666667,15.015666666666668,"Prioritas Utama (High Demand, Low Supply)"
136000,13,1360,KOTA PONTIANAK,70172,35408,26535,12748,158737,82.0,0,1935.8170731707316,52.912333333333336,-29.087666666666664,"Layanan Sesuai (High Demand, High Supply)"
166100,16,1661,KOTA BALIKPAPAN,75622,33159,14184,18558,158618,34.0,0,4665.235294117647,52.87266666666667,18.872666666666667,"Prioritas Utama (High Demand, Low Supply)"
90900,90,9090,ROKAN HULU,76453,34754,17075,11150,157047,48.0,0,3271.8125,52.349,4.348999999999997,"Prioritas Utama (High Demand, Low Supply)"
60300,60,6030,ACEH UTARA,75647,35148,22648,5070,156474,72.0,0,2173.25,52.158,-19.842,"Layanan Sesuai (High Demand, High Supply)"
36100,36,3610,KOTA SURAKARTA,56135,33759,23525,23692,156420,72.0,0,2172.5,52.14,-19.86,"Layanan Sesuai (High Demand, High Supply)"
52200,52,5220,BONDOWOSO,61953,28854,15605,11563,156373,76.0,0,2057.5394736842104,52.12433333333333,-23.875666666666667,"Layanan Sesuai (High Demand, High Supply)"
50900,50,5090,NGAWI,64119,32711,13256,19474,154445,76.0,0,2032.171052631579,51.48166666666667,-24.51833333333333,"Layanan Sesuai (High Demand, High Supply)"
72100,72,7210,SERDANG BEDAGAI,71847,36007,18735,11027,152423,64.0,0,2381.609375,50.80766666666667,-13.19233333333333,"Layanan Sesuai (High Demand, High Supply)"
220100,22,2201,BULELENG,70895,35205,14910,17379,151927,37.0,0,4106.135135135135,50.64233333333333,13.642333333333333,"Prioritas Utama (High Demand, Low Supply)"
30600,30,3060,PURWOREJO,63118,34317,14496,18245,151699,70.0,0,2167.1285714285714,50.56633333333333,-19.433666666666667,"Layanan Sesuai (High Demand, High Supply)"
110400,11,1104,MUARA ENIM,73619,33541,17008,10461,147985,43.0,0,3441.5116279069766,49.32833333333333,6.328333333333333,"Prioritas Utama (High Demand, Low Supply)"
31700,31,3170,REMBANG,55425,31778,19052,11698,147760,79.0,0,1870.379746835443,49.25333333333333,-29.74666666666667,"Layanan Sesuai (High Demand, High Supply)"
52300,52,5230,SITUBONDO,53246,32334,19798,11798,144642,46.0,0,3144.391304347826,48.214,2.2139999999999986,"Prioritas Utama (High Demand, Low Supply)"
120300,12,1203,LAMPUNG UTARA,68901,30917,19433,8642,142775,73.0,0,1955.8219178082193,47.59166666666667,-25.40833333333333,"Layanan Sesuai (High Demand, High Supply)"
130100,13,1301,SAMBAS,71065,33134,13993,12112,142546,59.0,0,2416.0338983050847,47.51533333333333,-11.48466666666667,"Layanan Sesuai (High Demand, High Supply)"
230600,23,2306,BIMA,58645,23557,19464,5120,141857,66.0,0,2149.348484848485,47.285666666666664,-18.714333333333336,"Layanan Sesuai (High Demand, High Supply)"
156000,15,1560,KOTA BANJARMASIN,63103,27907,16993,13481,139836,61.0,0,2292.3934426229507,46.612,-14.387999999999998,"Layanan Sesuai (High Demand, High Supply)"
220400,22,2204,BADUNG,61719,28951,13656,13714,135094,29.0,0,4658.413793103448,45.031333333333336,16.031333333333336,"Prioritas Utama (High Demand, Low Supply)"
120600,12,1206,TANGGAMUS,66214,29010,14120,8484,134785,69.0,0,1953.4057971014493,44.928333333333335,-24.071666666666665,"Layanan Sesuai (High Demand, High Supply)"
51000,51,5100,MAGETAN,51288,30071,14576,12237,130514,66.0,0,1977.4848484848485,43.504666666666665,-22.495333333333335,"Layanan Sesuai (High Demand, High Supply)"
51700,51,5170,TRENGGALEK,53872,28441,11940,13943,130122,69.0,0,1885.8260869565217,43.374,-25.625999999999998,"Layanan Sesuai (High Demand, High Supply)"
240300,24,2403,TIMOR TENGAH SELATAN,61987,27858,19249,5415,128982,12.0,0,10748.5,42.994,30.994,"Prioritas Utama (High Demand, Low Supply)"
91100,91,9110,SIAK,60689,28458,18364,7152,128875,56.0,0,2301.339285714286,42.958333333333336,-13.041666666666664,"Layanan Sesuai (High Demand, High Supply)"
130600,13,1306,KETAPANG,65427,26080,13121,7334,126242,54.0,0,2337.814814814815,42.080666666666666,-11.919333333333334,"Layanan Sesuai (High Demand, High Supply)"
80600,80,8060,PESISIR SELATAN,57626,27314,19919,5111,125626,37.0,0,3395.2972972972975,41.87533333333333,4.87533333333333,"Prioritas Utama (High Demand, Low Supply)"
71500,71,7150,MANDAILING NATAL,64320,27002,16558,5874,125331,32.0,0,3916.59375,41.777,9.777000000000001,"Prioritas Utama (High Demand, Low Supply)"
50800,50,5080,MADIUN,49839,26045,10745,13246,123277,56.0,0,2201.375,41.092333333333336,-14.907666666666664,"Layanan Sesuai (High Demand, High Supply)"
230400,23,2304,SUMBAWA,53078,24206,13190,7439,122469,22.0,0,5566.772727272727,40.823,18.823,"Prioritas Utama (High Demand, Low Supply)"
61200,61,6120,BIREUEN,52548,28085,22891,4685,121633,58.0,0,2097.1206896551726,40.544333333333334,-17.455666666666666,"Layanan Sesuai (High Demand, High Supply)"
26700,26,2670,KOTA CIMAHI,51495,25564,13575,16275,121387,64.0,0,1896.671875,40.46233333333333,-23.537666666666667,"Layanan Sesuai (High Demand, High Supply)"
40300,40,4030,GUNUNGKIDUL,44097,23204,7840,19445,119346,72.0,0,1657.5833333333333,39.782,-32.218,Layanan Cukup
236000,23,2360,KOTA MATARAM,51731,26053,17660,9941,118415,63.0,0,1879.6031746031747,39.471666666666664,-23.528333333333336,Layanan Cukup
90400,90,9040,INDRAGIRI HULU,59147,27626,14540,7956,118254,27.0,0,4379.777777777777,39.418,12.418,Layanan Cukup
330300,33,3303,POLEWALI MANDAR,51532,23603,13173,7357,118089,57.0,0,2071.7368421052633,39.363,-17.637,Layanan Cukup
286000,28,2860,KOTA CILEGON,52782,23851,11431,11861,116227,49.0,0,2371.9795918367345,38.742333333333335,-10.257666666666665,Layanan Cukup
150100,15,1501,BANJAR,57181,22322,13105,5619,115697,31.0,0,3732.1612903225805,38.565666666666665,7.565666666666665,Layanan Cukup
81300,81,8130,PASAMAN BARAT,55034,26573,15156,6083,114793,10.0,0,11479.3,38.26433333333333,28.264333333333333,Layanan Cukup
140400,14,1404,KOTAWARINGIN TIMUR,58044,23540,11781,7487,114472,7.0,0,16353.142857142857,38.157333333333334,31.157333333333334,Layanan Cukup
56300,56,5630,KOTA KEDIRI,30331,31555,25884,14483,113969,54.0,0,2110.537037037037,37.989666666666665,-16.010333333333335,Layanan Cukup
161000,16,1610,KUTAI TIMUR,57928,22058,9161,7780,113588,18.0,0,6310.444444444444,37.86266666666667,19.86266666666667,Layanan Cukup
46000,46,4600,KOTA YOGYAKARTA,38226,23758,20915,16834,113269,46.0,0,2462.3695652173915,37.75633333333333,-8.24366666666667,Layanan Cukup
80100,80,8010,AGAM,50890,28161,16047,5964,111511,34.0,0,3279.735294117647,37.17033333333333,3.170333333333332,Layanan Cukup
131300,13,1313,KUBU RAYA,56338,23068,13828,6108,110943,71.0,0,1562.5774647887324,36.981,-34.019,Layanan Cukup
241900,24,2419,SUMBA BARAT DAYA,52541,23537,14121,9712,110850,8.0,0,13856.25,36.95,28.950000000000003,Layanan Cukup
90800,90,9080,PELALAWAN,59147,23043,12107,6806,110850,32.0,0,3464.0625,36.95,4.950000000000003,Layanan Cukup
60400,60,6040,ACEH TIMUR,57852,22528,11044,4323,110217,54.0,0,2041.0555555555557,36.739,-17.261000000000003,Layanan Cukup
180800,18,1808,PARIGI MOUTONG,50268,21150,14202,3369,109636,19.0,0,5770.315789473684,36.54533333333333,17.545333333333332,Layanan Cukup
120800,12,1208,WAY KANAN,52368,23604,13048,6766,109426,53.0,0,2064.6415094339623,36.47533333333333,-16.52466666666667,Layanan Cukup
111000,11,1110,OGAN ILIR,47960,23874,15458,6831,109356,50.0,0,2187.12,36.452,-13.548000000000002,Layanan Cukup
120900,12,1209,PESAWARAN,52073,24431,12100,5431,107674,59.0,0,1824.9830508474577,35.891333333333336,-23.108666666666664,Layanan Cukup
121000,12,1210,PRINGSEWU,45057,25274,13200,12294,107477,62.0,0,1733.5,35.82566666666666,-26.174333333333337,Layanan Cukup
220500,22,2205,GIANYAR,44308,22330,7898,17016,103719,27.0,0,3841.4444444444443,34.573,7.573,Layanan Cukup
266000,26,2660,KOTA BENGKULU,43534,21447,16673,7826,102117,42.0,0,2431.3571428571427,34.039,-7.9609999999999985,Layanan Cukup
130400,13,1304,SINTANG,52678,23459,11838,6692,101739,9.0,0,11304.333333333334,33.913,24.912999999999997,Layanan Cukup
60100,60,6010,ACEH BESAR,46130,23274,16785,3037,101238,54.0,0,1874.7777777777778,33.746,-20.253999999999998,Layanan Cukup
246000,24,2460,KOTA KUPANG,43383,22609,16283,9168,101014,42.0,0,2405.095238095238,33.67133333333334,-8.328666666666663,Layanan Cukup
51200,51,5120,PACITAN,39662,22839,7905,11832,100523,45.0,0,2233.8444444444444,33.507666666666665,-11.492333333333335,Layanan Cukup
186000,18,1860,KOTA PALU,42190,21259,16040,9309,100104,35.0,0,2860.114285714286,33.368,-1.631999999999998,Layanan Cukup
130300,13,1303,SANGGAU,51604,22610,11371,6125,99942,28.0,0,3569.3571428571427,33.314,5.314,Layanan Cukup
206000,20,2060,KOTA KENDARI,45298,20366,15866,7374,99867,39.0,0,2560.6923076923076,33.289,-5.7109999999999985,Layanan Cukup
190100,19,1901,MAROS,48714,21960,14622,3128,99702,41.0,0,2431.756097560976,33.234,-7.765999999999998,Layanan Cukup
210100,21,2101,MALUKU TENGAH,45985,22241,18081,1763,98139,25.0,0,3925.56,32.713,7.713000000000001,Layanan Cukup
241100,24,2411,MANGGARAI,41617,21611,14089,9454,97635,29.0,0,3366.7241379310344,32.545,3.5450000000000017,Layanan Cukup
120500,12,1205,TULANG BAWANG,48180,20991,8747,6654,97495,46.0,0,2119.4565217391305,32.498333333333335,-13.501666666666665,Layanan Cukup
110500,11,1105,LAHAT,45726,21266,13642,6306,97168,13.0,0,7474.461538461538,32.38933333333333,19.389333333333333,Layanan Cukup
60200,60,6020,PIDIE,46529,21214,14643,3893,96817,52.0,0,1861.8653846153845,32.272333333333336,-19.727666666666664,Layanan Cukup
100700,10,1007,MUARO JAMBI,46827,20582,12807,4768,95692,18.0,0,5316.222222222223,31.897333333333332,13.897333333333332,Layanan Cukup
26300,26,2630,KOTA CIREBON,38783,21587,15883,9312,95386,47.0,0,2029.4893617021276,31.795333333333332,-15.204666666666668,Layanan Cukup
191100,19,1911,BULUKUMBA,43971,19284,13587,3713,94858,45.0,0,2107.9555555555557,31.619333333333334,-13.380666666666666,Layanan Cukup
70700,70,7070,LABUHANBATU,47477,15716,12085,9378,93702,38.0,0,2465.842105263158,31.234,-6.765999999999998,Layanan Cukup
176000,17,1760,KOTA MANADO,41715,20489,15513,8161,93677,44.0,0,2129.0227272727275,31.225666666666665,-12.774333333333335,Layanan Cukup
190500,19,1905,JENEPONTO,44599,19852,12763,4355,93582,53.0,0,1765.698113207547,31.194,-21.806,Layanan Cukup
26200,26,2620,KOTA SUKABUMI,39281,20322,12994,10210,92441,50.0,0,1848.82,30.813666666666666,-19.186333333333334,Layanan Cukup
80500,80,8050,PADANG PARIAMAN,45691,20242,14242,2702,92087,20.0,0,4604.35,30.695666666666668,10.695666666666668,Layanan Cukup
240100,24,2401,KUPANG,43185,18807,14735,3026,91752,25.0,0,3670.08,30.584,5.584,Layanan Cukup
70300,70,7030,KARO,44423,20972,13859,5135,91058,34.0,0,2678.176470588235,30.352666666666668,-3.647333333333332,Layanan Cukup
110600,11,1106,MUSI RAWAS,44405,20709,13824,2730,90699,50.0,0,1813.98,30.233,-19.767,Layanan Cukup
100900,10,1009,MERANGIN,45430,16818,10634,4325,90360,22.0,0,4107.272727272727,30.12,8.120000000000001,Layanan Cukup
130900,13,1309,LANDAK,44962,21094,13337,2940,90043,34.0,0,2648.323529411765,30.014333333333333,-3.985666666666667,Layanan Cukup
110300,11,1103,OGAN KOMERING ULU,41466,20194,14250,5718,89794,27.0,0,3325.703703703704,29.931333333333335,2.9313333333333347,Layanan Cukup
100600,10,1006,TEBO,43143,20848,10996,4532,89639,14.0,0,6402.785714285715,29.879666666666665,15.879666666666665,Layanan Cukup
80400,80,8040,SOLOK,45587,19895,10459,2973,89607,34.0,0,2635.5,29.869,-4.131,Layanan Cukup
70900,70,7090,TAPANULI TENGAH,42112,20819,13589,5497,89545,29.0,0,3087.7586206896553,29.848333333333333,0.8483333333333327,Layanan Cukup
151100,15,1511,TANAH BUMBU,41599,17962,7634,7684,88723,26.0,0,3412.423076923077,29.574333333333332,3.574333333333332,Layanan Cukup
40400,40,4040,KULON PROGO,33380,18167,7330,11274,87846,53.0,0,1657.4716981132076,29.282,-23.718,Layanan Cukup
180400,18,1804,BANGGAI,38592,18675,12847,4710,87499,28.0,0,3124.964285714286,29.166333333333334,1.166333333333334,Layanan Cukup
91400,91,9140,KUANTAN SINGINGI,40328,18731,11706,4624,87013,30.0,0,2900.4333333333334,29.004333333333335,-0.9956666666666649,Layanan Cukup
70800,70,7080,TAPANULI UTARA,39316,20329,13907,6241,86958,32.0,0,2717.4375,28.986,-3.0139999999999993,Layanan Cukup
191400,19,1914,PINRANG,42828,18717,9276,5636,86361,44.0,0,1962.75,28.787,-15.213000000000001,Layanan Cukup
220800,22,2208,KARANGASEM,40619,21905,9456,7426,86231,24.0,0,3592.9583333333335,28.743666666666666,4.743666666666666,Layanan Cukup
100200,10,1002,BUNGO,42040,17184,10387,5181,86193,11.0,0,7835.727272727273,28.731,17.731,Layanan Cukup
22500,22,2250,PANGANDARAN,36855,18736,7934,8889,85946,55.0,0,1562.6545454545455,28.648666666666667,-26.351333333333333,Layanan Cukup
72200,72,7220,BATU BARA,45419,15950,7927,7748,85940,36.0,0,2387.222222222222,28.64666666666667,-7.353333333333332,Layanan Cukup
300200,30,3002,GORONTALO,39909,17559,11469,3200,85847,35.0,0,2452.7714285714287,28.615666666666666,-6.384333333333334,Layanan Cukup
140100,14,1401,KAPUAS,41632,16919,9837,3174,85818,11.0,0,7801.636363636364,28.606,17.606,Layanan Cukup
66100,66,6610,KOTA BANDA ACEH,35823,17069,15978,5505,84902,38.0,0,2234.2631578947367,28.300666666666668,-9.699333333333332,Layanan Cukup
190800,19,1908,WAJO,39330,18104,11572,2534,84687,38.0,0,2228.6052631578946,28.229,-9.771,Layanan Cukup
191700,19,1917,LUWU,40257,19049,12116,5068,84469,19.0,0,4445.736842105263,28.156333333333333,9.156333333333333,Layanan Cukup
230500,23,2305,DOMPU,35364,16021,11450,4452,83540,18.0,0,4641.111111111111,27.846666666666668,9.846666666666668,Layanan Cukup
216000,21,2160,KOTA AMBON,35444,18373,15514,6096,82565,32.0,0,2580.15625,27.52166666666667,-4.478333333333332,Layanan Cukup
240800,24,2408,SIKKA,35871,17809,10249,6875,80674,17.0,0,4745.529411764706,26.891333333333332,9.891333333333332,Layanan Cukup
70500,70,7050,DAIRI,37563,19752,12408,6661,80624,35.0,0,2303.542857142857,26.874666666666666,-8.125333333333334,Layanan Cukup
76100,76,7610,KOTA BINJAI,33449,19045,12265,7801,80569,39.0,0,2065.871794871795,26.856333333333332,-12.143666666666668,Layanan Cukup
71700,71,7170,NIAS SELATAN,35430,16350,10857,6692,80502,26.0,0,3096.230769230769,26.834,0.8339999999999996,Layanan Cukup
96200,96,9620,KOTA DUMAI,40334,17045,7954,8250,80280,32.0,0,2508.75,26.76,-5.239999999999998,Layanan Cukup
76300,76,7630,KOTA PEMATANGSIANTAR,27589,18405,17207,10638,80050,39.0,0,2052.5641025641025,26.683333333333334,-12.316666666666666,Layanan Cukup
150200,15,1502,TANAH LAUT,38498,15080,8901,3995,79637,19.0,0,4191.421052631579,26.545666666666666,7.545666666666666,Layanan Cukup
100300,10,1003,SAROLANGUN,36380,15410,8293,4572,78765,14.0,0,5626.071428571428,26.255,12.254999999999999,Layanan Cukup
110900,11,1109,OGAN KOMERING ULU SELATAN,39262,17081,10873,2652,78748,23.0,0,3423.8260869565215,26.249333333333333,3.2493333333333325,Layanan Cukup
72400,72,7240,PADANG LAWAS,37797,17565,11375,3864,78718,13.0,0,6055.2307692307695,26.239333333333335,13.239333333333335,Layanan Cukup
290100,29,2901,BANGKA,36372,17578,9867,5196,76819,18.0,0,4267.722222222223,25.606333333333332,7.606333333333332,Layanan Cukup
220300,22,2203,TABANAN,36036,16694,6941,6975,76773,36.0,0,2132.5833333333335,25.591,-10.408999999999999,Layanan Cukup
100400,10,1004,TANJUNG JABUNG BARAT,37284,15574,10638,3010,76656,14.0,0,5475.428571428572,25.552,11.552,Layanan Cukup
190400,19,1904,TAKALAR,35078,15776,11570,3947,76275,42.0,0,1816.0714285714287,25.425,-16.575,Layanan Cukup
80700,80,8070,TANAH DATAR,34143,17733,12143,3663,75907,28.0,0,2710.964285714286,25.302333333333333,-2.6976666666666667,Layanan Cukup
200500,20,2005,KONAWE SELATAN,36996,16463,11400,2172,75836,28.0,0,2708.4285714285716,25.278666666666666,-2.721333333333334,Layanan Cukup
71000,71,7100,TAPANULI SELATAN,36919,17356,9552,4518,75831,14.0,0,5416.5,25.277,11.277000000000001,Layanan Cukup
190200,19,1902,PANGKAJENE DAN KEPULAUAN,36891,14942,8307,4747,75636,31.0,0,2439.8709677419356,25.212,-5.788,Layanan Cukup
146000,14,1460,KOTA PALANGKA RAYA,33363,15736,11996,5384,75486,28.0,0,2695.9285714285716,25.162,-2.838000000000001,Layanan Cukup
160300,16,1603,BERAU,37117,15586,8629,3862,75006,16.0,0,4687.875,25.002,9.001999999999999,Layanan Cukup
72300,72,7230,PADANG LAWAS UTARA,35974,16277,11295,1622,74982,2.0,0,37491.0,24.994,22.994,Layanan Cukup
80200,80,8020,PASAMAN,34362,15622,9604,4457,74897,24.0,0,3120.7083333333335,24.965666666666667,0.9656666666666673,Layanan Cukup
242000,24,2420,MANGGARAI TIMUR,37156,16831,9735,3605,74386,6.0,0,12397.666666666666,24.795333333333332,18.795333333333332,Layanan Cukup
191500,19,1915,SIDENRENG RAPPANG,33457,16637,9010,3152,74333,28.0,0,2654.75,24.777666666666665,-3.222333333333335,Layanan Cukup
241200,24,2412,SUMBA TIMUR,33898,16056,13248,2919,74087,4.0,0,18521.75,24.695666666666668,20.695666666666668,Layanan Cukup
150900,15,1509,KOTABARU,36109,15018,8957,2861,73782,5.0,0,14756.4,24.594,19.594,Layanan Cukup
140500,14,1405,KOTAWARINGIN BARAT,34571,15703,7499,5106,73624,12.0,0,6135.333333333333,24.541333333333334,12.541333333333334,Layanan Cukup
380300,38,3803,YAHUKIMO,57194,11631,2004,524,73505,2.0,0,36752.5,24.501666666666665,22.501666666666665,Layanan Cukup
36400,36,3640,KOTA PEKALONGAN,30502,15271,6737,7996,73322,39.0,0,1880.051282051282,24.440666666666665,-14.559333333333335,Layanan Cukup
160100,16,1601,PASER,35802,15490,9020,4654,72940,4.0,0,18235.0,24.313333333333333,20.313333333333333,Layanan Cukup
192600,19,1926,LUWU TIMUR,35257,16133,11506,1816,72515,14.0,0,5179.642857142857,24.171666666666667,10.171666666666667,Layanan Cukup
180200,18,1802,DONGGALA,35315,14965,8814,2698,72304,20.0,0,3615.2,24.101333333333333,4.101333333333333,Layanan Cukup
156100,15,1561,KOTA BANJARBARU,30485,15300,8991,6149,72289,29.0,0,2492.7241379310344,24.096333333333334,-4.903666666666666,Layanan Cukup
241600,24,2416,MANGGARAI BARAT,34128,15133,8947,6463,72264,10.0,0,7226.4,24.088,14.088000000000001,Layanan Cukup
270500,27,2705,HALMAHERA SELATAN,32091,15149,10981,1950,71019,18.0,0,3945.5,23.673,5.672999999999998,Layanan Cukup
256000,25,2560,KOTA JAYAPURA,33523,15940,10881,5131,70901,29.0,0,2444.862068965517,23.633666666666667,-5.366333333333333,Layanan Cukup
61400,61,6140,ACEH TAMIANG,32733,15856,11258,3309,70625,33.0,0,2140.151515151515,23.541666666666668,-9.458333333333332,Layanan Cukup
150300,15,1503,BARITO KUALA,32860,14102,9257,2119,69693,12.0,0,5807.75,23.231,11.231000000000002,Layanan Cukup
72500,72,7250,LABUHANBATU UTARA,38132,11552,8565,5894,69591,29.0,0,2399.689655172414,23.197,-5.803000000000001,Layanan Cukup
330100,33,3301,MAMUJU,34221,14283,8548,3881,69573,33.0,0,2108.2727272727275,23.191,-9.809000000000001,Layanan Cukup
240400,24,2404,TIMOR TENGAH UTARA,32548,15256,9384,4184,69548,10.0,0,6954.8,23.182666666666666,13.182666666666666,Layanan Cukup
240900,24,2409,ENDE,31392,16022,9619,6379,69416,16.0,0,4338.5,23.138666666666666,7.138666666666666,Layanan Cukup
370100,37,3701,MERAUKE,35574,14011,8738,4299,69264,10.0,0,6926.4,23.088,13.088000000000001,Layanan Cukup
36500,36,3650,KOTA TEGAL,27236,15647,8060,9100,69248,31.0,0,2233.8064516129034,23.082666666666668,-7.917333333333332,Layanan Cukup
360400,36,3604,MIMIKA,37237,14185,6139,5616,68961,19.0,0,3629.5263157894738,22.987,3.9869999999999983,Layanan Cukup
121200,12,1212,TULANG BAWANG BARAT,30809,16293,8638,4921,68810,41.0,0,1678.2926829268292,22.936666666666667,-18.063333333333333,Layanan Cukup
192400,19,1924,LUWU UTARA,32857,14207,10118,3360,68193,16.0,0,4262.0625,22.731,6.731000000000002,Layanan Cukup
260100,26,2601,BENGKULU UTARA,32557,14355,8288,4384,67958,27.0,0,2516.962962962963,22.652666666666665,-4.347333333333335,Layanan Cukup
130200,13,1302,MEMPAWAH,32381,15857,9642,2524,67857,32.0,0,2120.53125,22.619,-9.381,Layanan Cukup
120400,12,1204,LAMPUNG BARAT,33356,14354,9026,3798,67664,29.0,0,2333.2413793103447,22.554666666666666,-6.445333333333334,Layanan Cukup
60800,60,6080,ACEH TENGGARA,28803,14395,10145,2610,67338,47.0,0,1432.723404255319,22.446,-24.554,Layanan Cukup
80300,80,8030,LIMA PULUH KOTA,34848,12959,7973,3969,67334,17.0,0,3960.823529411765,22.444666666666667,5.4446666666666665,Layanan Cukup
200200,20,2002,MUNA,27391,13543,10041,4006,65659,28.0,0,2344.964285714286,21.886333333333333,-6.113666666666667,Layanan Cukup
240700,24,2407,FLORES TIMUR,29382,14378,9208,3561,65421,9.0,0,7269.0,21.807,12.806999999999999,Layanan Cukup
150800,15,1508,TABALONG,28931,13349,5909,6207,65241,19.0,0,3433.7368421052633,21.747,2.747,Layanan Cukup
116200,11,1162,KOTA LUBUK LINGGAU,28044,14755,11272,4661,64044,33.0,0,1940.7272727272727,21.348,-11.652000000000001,Layanan Cukup
130800,13,1308,BENGKAYANG,32549,14594,8547,3373,64033,22.0,0,2910.590909090909,21.344333333333335,-0.6556666666666651,Layanan Cukup
126100,12,1261,KOTA METRO,20387,14514,11943,9455,63450,34.0,0,1866.1764705882354,21.15,-12.850000000000001,Layanan Cukup
200100,20,2001,KONAWE,29644,12691,9956,1842,63178,24.0,0,2632.4166666666665,21.059333333333335,-2.940666666666665,Layanan Cukup
192700,19,1927,TORAJA UTARA,28929,14593,7146,7802,62812,19.0,0,3305.8947368421054,20.937333333333335,1.937333333333335,Layanan Cukup
230800,23,2308,LOMBOK UTARA,29948,12812,7620,2893,62730,35.0,0,1792.2857142857142,20.91,-14.09,Layanan Cukup
100100,10,1001,BATANGHARI,31069,10353,6831,2815,62275,13.0,0,4790.384615384615,20.758333333333333,7.758333333333333,Layanan Cukup
56700,56,5670,KOTA PROBOLINGGO,23518,13622,7398,7379,62214,30.0,0,2073.8,20.738,-9.262,Layanan Cukup
191200,19,1912,SINJAI,25940,12488,10078,1577,61882,27.0,0,2291.925925925926,20.627333333333333,-6.372666666666667,Layanan Cukup
200400,20,2004,KOLAKA,28529,13415,8508,3544,61570,18.0,0,3420.5555555555557,20.523333333333333,2.5233333333333334,Layanan Cukup
240600,24,2406,ALOR,29092,13352,8856,2389,61317,9.0,0,6813.0,20.439,11.439,Layanan Cukup
220200,22,2202,JEMBRANA,26903,14385,8706,4747,61211,26.0,0,2354.269230769231,20.403666666666666,-5.596333333333334,Layanan Cukup
136100,13,1361,KOTA SINGKAWANG,28074,14297,8101,5946,60997,30.0,0,2033.2333333333333,20.332333333333334,-9.667666666666666,Layanan Cukup
60700,60,6070,ACEH SELATAN,24309,13491,9319,1519,60388,31.0,0,1948.0,20.129333333333335,-10.870666666666665,Layanan Cukup
130500,13,1305,KAPUAS HULU,30218,13617,8440,1754,60352,14.0,0,4310.857142857143,20.117333333333335,6.117333333333335,Layanan Cukup
72600,72,7260,LABUHANBATU SELATAN,33405,9354,6102,5599,60127,20.0,0,3006.35,20.042333333333332,0.04233333333333178,Layanan Cukup
260200,26,2602,REJANG LEBONG,28410,13546,7507,4440,60105,9.0,0,6678.333333333333,20.035,11.035,Layanan Cukup
210500,21,2105,SERAM BAGIAN BARAT,27028,12645,9437,1353,59971,15.0,0,3998.0666666666666,19.990333333333332,4.990333333333332,Layanan Cukup
310200,31,3102,KARIMUN,28691,13292,8664,3201,59676,29.0,0,2057.793103448276,19.892,-9.108,Layanan Cukup
80800,80,8080,SIJUNJUNG,27034,12233,6313,3793,59418,23.0,0,2583.391304347826,19.806,-3.193999999999999,Layanan Cukup
191800,19,1918,TANA TORAJA,25887,13681,7205,6766,59352,14.0,0,4239.428571428572,19.784,5.783999999999999,Layanan Cukup
81200,81,8120,DHARMASRAYA,27680,12204,6866,3327,58870,16.0,0,3679.375,19.623333333333335,3.623333333333335,Layanan Cukup
100500,10,1005,KERINCI,24929,10997,7019,1951,58596,23.0,0,2547.6521739130435,19.532,-3.468,Layanan Cukup
240500,24,2405,BELU,26168,11843,7628,4183,57636,9.0,0,6404.0,19.212,10.212,Layanan Cukup
71900,71,7190,HUMBANG HASUNDUTAN,24890,13570,8802,4851,57440,24.0,0,2393.3333333333335,19.14666666666667,-4.853333333333332,Layanan Cukup
270400,27,2704,HALMAHERA UTARA,23530,11972,8134,4206,56497,20.0,0,2824.85,18.832333333333334,-1.1676666666666655,Layanan Cukup
181000,18,1810,SIGI,27310,11614,7393,1559,56253,20.0,0,2812.65,18.751,-1.2489999999999988,Layanan Cukup
346000,34,3460,KOTA TARAKAN,26972,12000,7007,4238,55842,24.0,0,2326.75,18.614,-5.385999999999999,Layanan Cukup
60500,60,6050,ACEH TENGAH,27139,11349,6956,2283,55650,23.0,0,2419.5652173913045,18.55,-4.449999999999999,Layanan Cukup
71600,71,7160,TOBA,23813,12767,9096,5136,55597,23.0,0,2417.2608695652175,18.532333333333334,-4.467666666666666,Layanan Cukup
170200,17,1702,MINAHASA,26553,11568,7075,3781,55134,27.0,0,2042.0,18.378,-8.622,Layanan Cukup
36200,36,3620,KOTA SALATIGA,19310,12381,6206,8579,54808,28.0,0,1957.4285714285713,18.269333333333332,-9.730666666666668,Layanan Cukup
56200,56,5620,KOTA MADIUN,19808,10973,8130,8575,54641,27.0,0,2023.7407407407406,18.213666666666665,-8.786333333333335,Layanan Cukup
56600,56,5660,KOTA PASURUAN,21047,11407,6131,6210,54562,23.0,0,2372.2608695652175,18.187333333333335,-4.812666666666665,Layanan Cukup
180700,18,1807,MOROWALI,26005,9128,5087,2250,54009,12.0,0,4500.75,18.003,6.003,Layanan Cukup
150600,15,1506,HULU SUNGAI TENGAH,24701,10741,7316,2110,53931,16.0,0,3370.6875,17.977,1.9770000000000003,Layanan Cukup
100800,10,1008,TANJUNG JABUNG TIMUR,25619,10869,7298,1491,53655,11.0,0,4877.727272727273,17.885,6.885000000000002,Layanan Cukup
111200,11,1112,PENUKAL ABAB LEMATANG ILIR,25197,12007,7722,3570,53325,10.0,0,5332.5,17.775,7.774999999999999,Layanan Cukup
180600,18,1806,TOLI TOLI,26144,10678,7083,2799,53204,21.0,0,2533.5238095238096,17.734666666666666,-3.2653333333333343,Layanan Cukup
56500,56,5650,KOTA BLITAR,15913,11588,6804,11326,53051,31.0,0,1711.3225806451612,17.683666666666667,-13.316333333333333,Layanan Cukup
296000,29,2960,KOTA PANGKAL PINANG,25052,11357,5606,5338,52357,19.0,0,2755.6315789473683,17.452333333333332,-1.547666666666668,Layanan Cukup
116100,11,1161,KOTA PRABUMULIH,23318,11889,7106,5312,52325,12.0,0,4360.416666666667,17.441666666666666,5.441666666666666,Layanan Cukup
242200,24,2422,MALAKA,24942,10970,7381,1317,52302,13.0,0,4023.230769230769,17.434,4.434000000000001,Layanan Cukup
191600,19,1916,ENREKANG,22882,12016,8695,2278,52271,13.0,0,4020.846153846154,17.423666666666666,4.423666666666666,Layanan Cukup
121100,12,1211,MESUJI,26241,10629,3853,3709,52204,34.0,0,1535.4117647058824,17.401333333333334,-16.598666666666666,Layanan Cukup
330500,33,3305,MAJENE,22115,9994,5621,4223,51643,26.0,0,1986.2692307692307,17.214333333333332,-8.785666666666668,Layanan Cukup
320500,32,3205,MANOKWARI,25712,11145,7059,3140,51448,24.0,0,2143.6666666666665,17.149333333333335,-6.850666666666665,Layanan Cukup
390600,39,3906,KOTA SORONG,24999,10939,7130,4618,51317,17.0,0,3018.6470588235293,17.105666666666668,0.10566666666666791,Layanan Cukup
66200,66,6620,KOTA LHOKSEUMAWE,22289,11681,6657,4607,50940,26.0,0,1959.2307692307693,16.98,-9.02,Layanan Cukup
26900,26,2690,KOTA BANJAR,17871,10352,5062,8241,50811,34.0,0,1494.4411764705883,16.937,-17.063,Layanan Cukup
56800,56,5680,KOTA BATU,19414,11397,6848,4643,50731,25.0,0,2029.24,16.910333333333334,-8.089666666666666,Layanan Cukup
150700,15,1507,HULU SUNGAI UTARA,22752,9493,5908,3049,50490,17.0,0,2970.0,16.83,-0.1700000000000017,Layanan Cukup
306000,30,3060,KOTA GORONTALO,20521,10678,8051,5085,50047,20.0,0,2502.35,16.682333333333332,-3.3176666666666677,Layanan Cukup
150500,15,1505,HULU SUNGAI SELATAN,21429,10558,6010,2349,49892,21.0,0,2375.809523809524,16.630666666666666,-4.3693333333333335,Layanan Cukup
111100,11,1111,EMPAT LAWANG,25507,10902,7232,2113,49855,23.0,0,2167.608695652174,16.618333333333332,-6.381666666666668,Layanan Cukup
340500,34,3405,NUNUKAN,24398,10287,6748,2235,49854,14.0,0,3561.0,16.618,2.6179999999999986,Layanan Cukup
60600,60,6060,ACEH BARAT,22110,11571,7198,2658,49612,17.0,0,2918.3529411764707,16.537333333333333,-0.4626666666666672,Layanan Cukup
76200,76,7620,KOTA TEBING TINGGI,19294,11717,7970,5791,49327,25.0,0,1973.08,16.442333333333334,-8.557666666666666,Layanan Cukup
86500,86,8650,KOTA PAYAKUMBUH,17150,10940,9473,5864,49226,24.0,0,2051.0833333333335,16.408666666666665,-7.591333333333335,Layanan Cukup
290400,29,2904,BANGKA BARAT,23649,10648,5720,2684,49194,16.0,0,3074.625,16.398,0.3979999999999997,Layanan Cukup
180300,18,1803,POSO,22297,10319,7120,3017,49180,23.0,0,2138.2608695652175,16.393333333333334,-6.606666666666666,Layanan Cukup
276000,27,2760,KOTA TERNATE,21861,11132,9476,3012,49170,21.0,0,2341.4285714285716,16.39,-4.609999999999999,Layanan Cukup
250100,25,2501,JAYAPURA,23167,10624,6975,2738,49047,23.0,0,2132.478260869565,16.349,-6.651,Layanan Cukup
360100,36,3601,NABIRE,24437,10059,6508,3289,48988,14.0,0,3499.1428571428573,16.329333333333334,2.3293333333333344,Layanan Cukup
316100,31,3161,KOTA TANJUNG PINANG,21666,11414,6464,5525,48706,21.0,0,2319.3333333333335,16.235333333333333,-4.764666666666667,Layanan Cukup
290300,29,2903,BANGKA TENGAH,22843,11075,6143,3127,48659,15.0,0,3243.9333333333334,16.219666666666665,1.2196666666666651,Layanan Cukup
131000,13,1310,SEKADAU,24354,10684,5711,2761,48015,14.0,0,3429.6428571428573,16.005,2.004999999999999,Layanan Cukup
360300,36,3603,PANIAI,26594,5574,2276,1134,47774,0.0,1,,15.924666666666667,15.924666666666667,Layanan Cukup
76600,76,7660,KOTA PADANG SIDEMPUAN,21993,9245,7114,6295,47594,15.0,0,3172.9333333333334,15.864666666666666,0.8646666666666665,Layanan Cukup
160900,16,1609,KUTAI BARAT,23692,10481,4745,3134,47398,3.0,0,15799.333333333334,15.799333333333333,12.799333333333333,Layanan Cukup
166300,16,1663,KOTA BONTANG,20033,9841,4953,4281,47185,20.0,0,2359.25,15.728333333333333,-4.2716666666666665,Layanan Cukup
131100,13,1311,MELAWI,23258,10836,6104,2341,47169,19.0,0,2482.5789473684213,15.723,-3.2769999999999992,Layanan Cukup
161100,16,1611,PENAJAM PASER UTARA,22178,9807,4862,4517,47131,11.0,0,4284.636363636364,15.710333333333333,4.710333333333333,Layanan Cukup
76400,76,7640,KOTA TANJUNG BALAI,21531,10782,8022,2134,46771,18.0,0,2598.3888888888887,15.590333333333334,-2.4096666666666664,Layanan Cukup
380100,38,3801,JAYAWIJAYA,25732,8571,4673,2550,46742,4.0,0,11685.5,15.580666666666668,11.580666666666668,Layanan Cukup
220700,22,2207,BANGLI,21223,11138,4275,5717,46611,12.0,0,3884.25,15.537,3.537000000000001,Layanan Cukup
61900,61,6190,BENER MERIAH,22628,8801,5465,1210,46572,15.0,0,3104.8,15.524,0.5239999999999991,Layanan Cukup
191000,19,1910,BANTAENG,20897,10077,6209,2627,46443,26.0,0,1786.2692307692307,15.481,-10.519,Layanan Cukup
290500,29,2905,BANGKA SELATAN,23379,10343,5688,2489,46371,9.0,0,5152.333333333333,15.457,6.457000000000001,Layanan Cukup
236100,23,2361,KOTA BIMA,18036,9367,7224,3299,46065,25.0,0,1842.6,15.355,-9.645,Layanan Cukup
66300,66,6630,KOTA LANGSA,19313,10123,6375,3608,45792,27.0,0,1696.0,15.264,-11.736,Layanan Cukup
111300,11,1113,MUSI RAWAS UTARA,23732,9487,6456,727,45791,19.0,0,2410.0526315789475,15.263666666666667,-3.7363333333333326,Layanan Cukup
170600,17,1706,MINAHASA UTARA,22314,9264,5698,3106,45618,13.0,0,3509.076923076923,15.206,2.2059999999999995,Layanan Cukup
91500,91,9150,KEPULAUAN MERANTI,21224,9622,6512,1506,45506,22.0,0,2068.4545454545455,15.168666666666667,-6.831333333333333,Layanan Cukup
190900,19,1909,SOPPENG,18948,10317,6324,3067,44984,17.0,0,2646.1176470588234,14.994666666666667,-2.0053333333333327,Layanan Cukup
170100,17,1701,BOLAANG MONGONDOW,23160,9433,4272,2405,44908,11.0,0,4082.5454545454545,14.969333333333333,3.969333333333333,Layanan Cukup
86000,86,8600,KOTA BUKITTINGGI,16931,8678,8399,5715,44707,15.0,0,2980.4666666666667,14.902333333333333,-0.09766666666666701,Layanan Cukup
190600,19,1906,BARRU,18714,10162,6380,2487,44700,22.0,0,2031.8181818181818,14.9,-7.1,Layanan Cukup
62000,62,6200,PIDIE JAYA,18336,9972,8784,1618,44539,18.0,0,2474.3888888888887,14.846333333333334,-3.153666666666666,Layanan Cukup
36000,36,3600,KOTA MAGELANG,12861,11071,7180,7702,44322,19.0,0,2332.7368421052633,14.774,-4.226000000000001,Layanan Cukup
176100,17,1761,KOTA BITUNG,21546,9232,4765,4895,44155,10.0,0,4415.5,14.718333333333334,4.718333333333334,Layanan Cukup
196200,19,1962,KOTA PALOPO,19218,10189,6569,4191,44098,13.0,0,3392.153846153846,14.699333333333334,1.6993333333333336,Layanan Cukup
81100,81,8110,SOLOK SELATAN,21033,9102,6011,1768,43006,14.0,0,3071.8571428571427,14.335333333333333,0.3353333333333328,Layanan Cukup
340200,34,3402,BULUNGAN,20244,8696,5017,2905,42909,14.0,0,3064.9285714285716,14.303,0.3030000000000008,Layanan Cukup
56400,56,5640,KOTA MOJOKERTO,15541,8675,5667,6559,42268,18.0,0,2348.222222222222,14.089333333333334,-3.910666666666666,Layanan Cukup
150400,15,1504,TAPIN,20227,7895,3967,2185,42118,15.0,0,2807.866666666667,14.039333333333333,-0.9606666666666666,Layanan Cukup
260800,26,2608,SELUMA,20730,9327,5158,2030,42095,10.0,0,4209.5,14.031666666666666,4.031666666666666,Layanan Cukup
140600,14,1406,KATINGAN,20343,9022,5082,1764,41806,6.0,0,6967.666666666667,13.935333333333332,7.9353333333333325,Layanan Cukup
310100,31,3101,BINTAN,18568,9823,4916,3157,41634,18.0,0,2313.0,13.878,-4.122,Layanan Cukup
260300,26,2603,BENGKULU SELATAN,17358,8622,7172,1684,41584,9.0,0,4620.444444444444,13.861333333333333,4.861333333333333,Layanan Cukup
260400,26,2604,MUKO MUKO,20942,7537,5047,1723,41364,10.0,0,4136.4,13.788,3.7880000000000003,Layanan Cukup
220600,22,2206,KLUNGKUNG,17139,8840,6222,3910,41304,12.0,0,3442.0,13.768,1.7680000000000007,Layanan Cukup
250200,25,2502,BIAK NUMFOR,19481,9509,6235,2289,41142,9.0,0,4571.333333333333,13.714,4.714,Layanan Cukup
330200,33,3302,PASANGKAYU,20325,8652,4882,2288,40861,23.0,0,1776.5652173913043,13.620333333333333,-9.379666666666667,Layanan Cukup
61500,61,6150,NAGAN RAYA,20383,8284,4830,780,40638,14.0,0,2902.714285714286,13.546,-0.4540000000000006,Layanan Cukup
76700,76,7670,KOTA GUNUNGSITOLI,16777,9231,5831,4515,40638,17.0,0,2390.470588235294,13.546,-3.4540000000000006,Layanan Cukup
370300,37,3703,MAPPI,26524,7491,3245,1527,40381,1.0,0,40381.0,13.460333333333333,12.460333333333333,Layanan Cukup
230700,23,2307,SUMBAWA BARAT,17950,8465,4913,1960,40370,15.0,0,2691.3333333333335,13.456666666666667,-1.543333333333333,Layanan Cukup
241300,24,2413,SUMBA BARAT,16860,8417,6668,2369,40290,3.0,0,13430.0,13.43,10.43,Layanan Cukup
121300,12,1213,PESISIR BARAT,19936,8927,5617,1938,40244,14.0,0,2874.5714285714284,13.414666666666667,-0.5853333333333328,Layanan Cukup
200700,20,2007,BOMBANA,19307,8278,6113,1353,40138,18.0,0,2229.8888888888887,13.379333333333333,-4.620666666666667,Layanan Cukup
210300,21,2103,BURU,17991,8085,5283,2040,40105,8.0,0,5013.125,13.368333333333334,5.368333333333334,Layanan Cukup
140700,14,1407,SERUYAN,20881,8329,3167,1638,39959,5.0,0,7991.8,13.319666666666667,8.319666666666667,Layanan Cukup
170500,17,1705,MINAHASA SELATAN,18379,8477,4847,3155,39545,12.0,0,3295.4166666666665,13.181666666666667,1.1816666666666666,Layanan Cukup
241500,24,2415,ROTE NDAO,17932,8586,7265,1023,39517,7.0,0,5645.285714285715,13.172333333333333,6.172333333333333,Layanan Cukup
180500,18,1805,BUOL,19038,7829,4973,2040,39231,9.0,0,4359.0,13.077,4.077,Layanan Cukup
241000,24,2410,NGADA,17090,9066,7305,2053,39116,9.0,0,4346.222222222223,13.038666666666666,4.038666666666666,Layanan Cukup
290200,29,2902,BELITUNG,18461,8633,3912,3808,39093,13.0,0,3007.153846153846,13.031,0.031000000000000583,Layanan Cukup
206100,20,2061,KOTA BAU BAU,16960,7796,5896,3415,38383,21.0,0,1827.7619047619048,12.794333333333332,-8.205666666666668,Layanan Cukup
300400,30,3004,BONE BOLANGO,16069,7247,4415,1775,38203,14.0,0,2728.785714285714,12.734333333333334,-1.2656666666666663,Layanan Cukup
61300,61,6130,ACEH SINGKIL,18046,8255,5426,942,38177,17.0,0,2245.705882352941,12.725666666666667,-4.274333333333333,Layanan Cukup
241700,24,2417,NAGEKEO,17139,8720,6343,1677,37973,9.0,0,4219.222222222223,12.657666666666668,3.6576666666666675,Layanan Cukup
330400,33,3304,MAMASA,16194,7679,4009,3122,37929,16.0,0,2370.5625,12.643,-3.3569999999999993,Layanan Cukup
71100,71,7110,NIAS,17593,9075,4439,4047,37926,13.0,0,2917.3846153846152,12.642,-0.35800000000000054,Layanan Cukup
196100,19,1961,KOTA PAREPARE,17376,8196,5466,3081,37901,20.0,0,1895.05,12.633666666666667,-7.366333333333333,Layanan Cukup
61700,61,6170,ACEH BARAT DAYA,16343,7588,5137,1110,37880,16.0,0,2367.5,12.626666666666667,-3.373333333333333,Layanan Cukup
300300,30,3003,POHUWATO,17302,6655,4090,1528,37540,7.0,0,5362.857142857143,12.513333333333334,5.513333333333334,Layanan Cukup
72000,72,7200,SAMOSIR,16518,9405,6213,2030,37493,8.0,0,4686.625,12.497666666666667,4.497666666666667,Layanan Cukup
116300,11,1163,KOTA PAGAR ALAM,16398,8131,6103,2372,37313,14.0,0,2665.214285714286,12.437666666666667,-1.5623333333333331,Layanan Cukup
210600,21,2106,SERAM BAGIAN TIMUR,17817,7460,5172,1130,37066,6.0,0,6177.666666666667,12.355333333333334,6.355333333333334,Layanan Cukup
72800,72,7280,NIAS UTARA,15449,8094,5152,3189,36129,14.0,0,2580.6428571428573,12.043,-1.9570000000000007,Layanan Cukup
241400,24,2414,LEMBATA,15573,8413,5381,1917,35601,4.0,0,8900.25,11.867,7.867000000000001,Layanan Cukup
140300,14,1403,BARITO UTARA,16341,7233,4765,1634,35226,5.0,0,7045.2,11.742,6.742000000000001,Layanan Cukup
180900,18,1809,TOJO UNA UNA,17171,6220,3333,2182,34831,14.0,0,2487.9285714285716,11.610333333333333,-2.389666666666667,Layanan Cukup
141100,14,1411,PULANG PISAU,16390,6928,4889,656,34468,3.0,0,11489.333333333334,11.489333333333333,8.489333333333333,Layanan Cukup
300100,30,3001,BOALEMO,14903,6313,4257,1479,34174,6.0,0,5695.666666666667,11.391333333333334,5.391333333333334,Layanan Cukup
330600,33,3306,MAMUJU TENGAH,16374,6348,4291,1206,34053,16.0,0,2128.3125,11.351,-4.648999999999999,Layanan Cukup
360800,36,3608,DEIYAI,23597,4069,2051,592,33685,1.0,0,33685.0,11.228333333333333,10.228333333333333,Layanan Cukup
200300,20,2003,BUTON,15178,6848,5646,849,33678,11.0,0,3061.6363636363635,11.226,0.22600000000000087,Layanan Cukup
141000,14,1410,GUNUNG MAS,17424,6934,3990,643,33544,3.0,0,11181.333333333334,11.181333333333333,8.181333333333333,Layanan Cukup
210400,21,2104,KEPULAUAN TANIMBAR,14989,7814,5374,1394,32937,2.0,0,16468.5,10.979,8.979,Layanan Cukup
370400,37,3704,ASMAT,23245,4396,2074,259,32801,4.0,0,8200.25,10.933666666666667,6.933666666666667,Layanan Cukup
201600,20,2016,BUTON TENGAH,14748,6689,5283,1361,32423,15.0,0,2161.5333333333333,10.807666666666666,-4.192333333333334,Layanan Cukup
200800,20,2008,KOLAKA UTARA,15744,6463,4161,1444,32371,12.0,0,2697.5833333333335,10.790333333333333,-1.2096666666666671,Layanan Cukup
181200,18,1812,MOROWALI UTARA,14852,6091,3516,1697,32166,2.0,0,16083.0,10.722,8.722,Layanan Cukup
390400,39,3904,SORONG,15538,7331,4141,2109,32052,6.0,0,5342.0,10.684,4.683999999999999,Layanan Cukup
141200,14,1412,MURUNG RAYA,15155,6286,4945,386,32003,1.0,0,32003.0,10.667666666666667,9.667666666666667,Layanan Cukup
380700,38,3807,LANNY JAYA,17926,8378,4160,589,31967,6.0,0,5327.833333333333,10.655666666666667,4.655666666666667,Layanan Cukup
151000,15,1510,BALANGAN,14419,5732,3806,1376,31926,9.0,0,3547.3333333333335,10.642,1.6419999999999995,Layanan Cukup
66400,66,6640,KOTA SUBULUSSALAM,14371,6458,4318,1280,31901,15.0,0,2126.733333333333,10.633666666666667,-4.366333333333333,Layanan Cukup
260500,26,2605,KEPAHIANG,14853,6913,4016,1899,31296,8.0,0,3912.0,10.432,2.4320000000000004,Layanan Cukup
210700,21,2107,KEPULAUAN ARU,15049,6472,3757,1468,30792,2.0,0,15396.0,10.264,8.264,Layanan Cukup
86600,86,8660,KOTA PARIAMAN,11260,6564,4978,4108,30413,5.0,0,6082.6,10.137666666666666,5.137666666666666,Layanan Cukup
260700,26,2607,KAUR,14121,6213,4135,1112,30338,7.0,0,4334.0,10.112666666666666,3.112666666666666,Layanan Cukup
250300,25,2503,KEPULAUAN YAPEN,15597,6374,4628,1339,30087,8.0,0,3760.875,10.029,2.029,Layanan Cukup
270300,27,2703,HALMAHERA BARAT,13948,6441,4845,1473,30025,8.0,0,3753.125,10.008333333333333,2.008333333333333,Layanan Cukup
210200,21,2102,MALUKU TENGGARA,13174,6243,3933,1795,29922,4.0,0,7480.5,9.974,5.974,Layanan Cukup
191300,19,1913,KEPULAUAN SELAYAR,13351,6183,3633,1760,29553,12.0,0,2462.75,9.851,-2.148999999999999,Layanan Cukup
300500,30,3005,GORONTALO UTARA,13480,5675,4229,588,29152,4.0,0,7288.0,9.717333333333332,5.7173333333333325,Layanan Cukup
140200,14,1402,BARITO SELATAN,12961,6147,4499,1325,28998,5.0,0,5799.6,9.666,4.666,Layanan Cukup
180100,18,1801,BANGGAI KEPULAUAN,13010,5930,3374,1618,28825,12.0,0,2402.0833333333335,9.608333333333333,-2.3916666666666675,Layanan Cukup
276100,27,2761,KOTA TIDORE KEPULAUAN,12228,6236,5142,1073,28816,9.0,0,3201.777777777778,9.605333333333334,0.6053333333333342,Layanan Cukup
176300,17,1763,KOTA KOTAMOBAGU,10833,6134,5518,3695,28691,7.0,0,4098.714285714285,9.563666666666666,2.5636666666666663,Layanan Cukup
260900,26,2609,BENGKULU TENGAH,12565,6486,4550,1029,28306,7.0,0,4043.714285714286,9.435333333333332,2.4353333333333325,Layanan Cukup
200600,20,2006,WAKATOBI,12242,5513,4771,319,27953,9.0,0,3105.8888888888887,9.317666666666666,0.3176666666666659,Layanan Cukup
270700,27,2707,KEPULAUAN SULA,11448,5652,4398,1235,27572,9.0,0,3063.5555555555557,9.190666666666667,0.19066666666666698,Layanan Cukup
201100,20,2011,KOLAKA TIMUR,12729,5529,4145,1298,27354,8.0,0,3419.25,9.118,1.1180000000000003,Layanan Cukup
242100,24,2421,SABU RAIJUA,11962,6002,4985,600,27245,2.0,0,13622.5,9.081666666666667,7.081666666666667,Layanan Cukup
131200,13,1312,KAYONG UTARA,13737,5926,3890,1061,27243,15.0,0,1816.2,9.081,-5.9190000000000005,Layanan Cukup
76500,76,7650,KOTA SIBOLGA,10494,5720,4814,3221,27162,11.0,0,2469.2727272727275,9.054,-1.9459999999999997,Layanan Cukup
290600,29,2906,BELITUNG TIMUR,12623,5906,3188,1741,27042,11.0,0,2458.3636363636365,9.014,-1.9860000000000007,Layanan Cukup
210800,21,2108,MALUKU BARAT DAYA,12984,6003,3719,976,26940,3.0,0,8980.0,8.98,5.98,Layanan Cukup
201400,20,2014,BUTON SELATAN,11999,5334,4588,466,26280,9.0,0,2920.0,8.76,-0.2400000000000002,Layanan Cukup
61600,61,6160,ACEH JAYA,11268,5002,3146,1008,26278,11.0,0,2388.909090909091,8.759333333333334,-2.240666666666666,Layanan Cukup
61800,61,6180,GAYO LUES,13459,5303,3452,392,26099,17.0,0,1535.235294117647,8.699666666666667,-8.300333333333333,Layanan Cukup
86400,86,8640,KOTA SOLOK,9509,5466,4802,3361,25920,13.0,0,1993.8461538461538,8.64,-4.359999999999999,Layanan Cukup
141300,14,1413,BARITO TIMUR,11976,5373,3165,1427,25819,5.0,0,5163.8,8.606333333333334,3.6063333333333336,Layanan Cukup
106100,10,1061,KOTA SUNGAI PENUH,9690,5042,5068,1577,25793,11.0,0,2344.818181818182,8.597666666666667,-2.402333333333333,Layanan Cukup
360600,36,3606,DOGIYAI,19101,4222,962,401,25366,0.0,1,,8.455333333333334,8.455333333333334,Layanan Cukup
140900,14,1409,LAMANDAU,12194,4546,2338,1325,25177,2.0,0,12588.5,8.392333333333333,6.392333333333333,Layanan Cukup
270600,27,2706,HALMAHERA TIMUR,11375,5397,3551,950,24793,6.0,0,4132.166666666667,8.264333333333333,2.264333333333333,Layanan Cukup
72700,72,7270,NIAS BARAT,10664,5628,3802,1768,24702,8.0,0,3087.75,8.234,0.23399999999999999,Layanan Cukup
210900,21,2109,BURU SELATAN,10631,4667,2716,1094,24171,3.0,0,8057.0,8.057,5.057,Layanan Cukup
61100,61,6110,SIMEULUE,10789,5261,4056,622,23869,10.0,0,2386.9,7.956333333333333,-2.0436666666666667,Layanan Cukup
171000,17,1710,MINAHASA TENGGARA,11280,4528,2719,1332,23731,6.0,0,3955.1666666666665,7.910333333333333,1.910333333333333,Layanan Cukup
201300,20,2013,MUNA BARAT,10336,5012,3623,1035,23688,14.0,0,1692.0,7.896,-6.104,Layanan Cukup
81000,81,8100,KEPULAUAN MENTAWAI,11427,4999,4178,322,23584,0.0,1,,7.8613333333333335,7.8613333333333335,Layanan Cukup
260600,26,2606,LEBONG,11732,4654,2825,1186,23508,3.0,0,7836.0,7.836,4.836,Layanan Cukup
241800,24,2418,SUMBA TENGAH,9959,4865,3446,1064,23418,1.0,0,23418.0,7.806,6.806,Layanan Cukup
86200,86,8620,KOTA PADANG PANJANG,6995,5545,6065,1756,23199,7.0,0,3314.1428571428573,7.733,0.7329999999999997,Layanan Cukup
340100,34,3401,MALINAU,10345,4883,3262,877,22903,3.0,0,7634.333333333333,7.634333333333333,4.634333333333333,Layanan Cukup
170300,17,1703,KEPULAUAN SANGIHE,10101,5011,2736,1897,22694,9.0,0,2521.5555555555557,7.564666666666667,-1.4353333333333333,Layanan Cukup
320100,32,3201,FAK FAK,10568,4470,2881,1038,21744,7.0,0,3106.285714285714,7.248,0.24800000000000022,Layanan Cukup
176200,17,1762,KOTA TOMOHON,8510,5030,3944,2192,21658,11.0,0,1968.909090909091,7.219333333333333,-3.780666666666667,Layanan Cukup
370200,37,3702,BOVEN DIGOEL,12993,4375,1456,1167,21593,1.0,0,21593.0,7.197666666666667,6.197666666666667,Layanan Cukup
380400,38,3804,TOLIKARA,15221,4475,1209,148,21564,0.0,1,,7.188,7.188,Layanan Cukup
310400,31,3104,LINGGA,9779,4643,3704,451,21212,5.0,0,4242.4,7.070666666666667,2.070666666666667,Layanan Cukup
216100,21,2161,KOTA TUAL,9436,4333,3279,1049,21033,4.0,0,5258.25,7.011,3.011,Layanan Cukup
270100,27,2701,PULAU TALIABU,8354,3668,2151,726,20702,7.0,0,2957.4285714285716,6.900666666666667,-0.09933333333333305,Layanan Cukup
310300,31,3103,NATUNA,8879,4495,3752,385,20648,12.0,0,1720.6666666666667,6.882666666666666,-5.117333333333334,Layanan Cukup
320400,32,3204,TELUK BINTUNI,10149,4224,2743,603,20375,5.0,0,4075.0,6.791666666666667,1.791666666666667,Layanan Cukup
200900,20,2009,KONAWE UTARA,9540,3807,2934,285,20118,5.0,0,4023.6,6.706,1.7060000000000004,Layanan Cukup
320200,32,3202,KAIMANA,10592,3868,2249,1080,19786,6.0,0,3297.6666666666665,6.5953333333333335,0.5953333333333335,Layanan Cukup
270200,27,2702,HALMAHERA TENGAH,9499,3945,2289,1290,19706,1.0,0,19706.0,6.568666666666667,5.568666666666667,Layanan Cukup
170400,17,1704,KEPULAUAN TALAUD,8306,4198,2848,709,19704,5.0,0,3940.8,6.568,1.5679999999999996,Layanan Cukup
201000,20,2010,BUTON UTARA,8720,3984,3049,611,19670,5.0,0,3934.0,6.556666666666667,1.5566666666666666,Layanan Cukup
390200,39,3902,RAJA AMPAT,10272,4325,2669,692,19524,7.0,0,2789.1428571428573,6.508,-0.492,Layanan Cukup
181100,18,1811,BANGGAI LAUT,8832,3960,2081,1268,19165,7.0,0,2737.8571428571427,6.388333333333334,-0.6116666666666664,Layanan Cukup
270800,27,2708,PULAU MOROTAI,7719,3126,2339,835,18441,3.0,0,6147.0,6.147,3.1470000000000002,Layanan Cukup
170800,17,1708,BOLAANG MONGONDOW UTARA,8204,3556,2391,890,18191,2.0,0,9095.5,6.063666666666666,4.063666666666666,Layanan Cukup
252000,25,2520,KEEROM,9385,3776,2305,856,18183,6.0,0,3030.5,6.061,0.06099999999999994,Layanan Cukup
380200,38,3802,PEGUNUNGAN BINTANG,10223,3871,1422,416,18158,0.0,1,,6.052666666666667,6.052666666666667,Layanan Cukup
171200,17,1712,BOLAANG MONGONDOW SELATAN,7854,3232,1566,813,16413,6.0,0,2735.5,5.471,-0.5289999999999999,Layanan Cukup
171100,17,1711,BOLAANG MONGONDOW TIMUR,7704,3249,1124,1120,15572,3.0,0,5190.666666666667,5.190666666666667,2.190666666666667,Layanan Cukup
140800,14,1408,SUKAMARA,7096,2952,1730,631,15436,1.0,0,15436.0,5.145333333333333,4.145333333333333,Layanan Cukup
390300,39,3903,SORONG SELATAN,7641,3777,1843,940,15126,3.0,0,5042.0,5.042,2.042,Layanan Cukup
71800,71,7180,PAKPAK BHARAT,6535,3234,2377,479,14453,3.0,0,4817.666666666667,4.817666666666667,1.8176666666666668,Layanan Cukup
86300,86,8630,KOTA SAWAHLUNTO,5888,2266,1465,1288,13140,3.0,0,4380.0,4.38,1.38,Layanan Cukup
251900,25,2519,SARMI,6183,2739,2070,306,12678,3.0,0,4226.0,4.226,1.226,Layanan Cukup
320300,32,3203,TELUK WONDAMA,6436,2749,1729,325,12226,2.0,0,6113.0,4.075333333333333,2.075333333333333,Layanan Cukup
310500,31,3105,KEPULAUAN ANAMBAS,5410,2387,1841,348,11958,3.0,0,3986.0,3.986,0.9860000000000002,Layanan Cukup
252800,25,2528,MAMBERAMO RAYA,7073,2546,1001,286,11734,0.0,1,,3.9113333333333333,3.9113333333333333,Layanan Cukup
170900,17,1709,KEPULAUAN SIAU TAGULANDANG BIARO,5286,2661,1704,694,11582,11.0,0,1052.909090909091,3.8606666666666665,-7.139333333333333,Layanan Cukup
380600,38,3806,YALIMO,7181,2391,1033,249,11074,0.0,1,,3.691333333333333,3.691333333333333,Layanan Cukup
201200,20,2012,KONAWE KEPULAUAN,4684,1919,1331,200,10178,2.0,0,5089.0,3.3926666666666665,1.3926666666666665,Layanan Cukup
360200,36,3602,PUNCAK JAYA,6569,1791,788,396,10085,0.0,1,,3.361666666666667,3.361666666666667,Layanan Cukup
66000,66,6600,KOTA SABANG,4548,2059,1437,387,9940,3.0,0,3313.3333333333335,3.3133333333333335,0.31333333333333346,Layanan Cukup
321200,32,3212,MANOKWARI SELATAN,4589,2034,1408,191,9233,4.0,0,2308.25,3.0776666666666666,-0.9223333333333334,Layanan Cukup
252600,25,2526,WAROPEN,4419,1945,1271,343,8879,2.0,0,4439.5,2.9596666666666667,0.9596666666666667,Layanan Cukup
252700,25,2527,SUPIORI,3928,1765,1682,53,8614,1.0,0,8614.0,2.8713333333333333,1.8713333333333333,Layanan Cukup
161200,16,1612,MAHAKAM ULU,4025,1714,1083,120,8547,0.0,1,,2.849,2.849,Layanan Cukup
340300,34,3403,TANA TIDUNG,3723,1562,1026,68,7750,1.0,0,7750.0,2.5833333333333335,1.5833333333333335,Layanan Cukup
380800,38,3808,NDUGA,4804,1526,275,241,7105,0.0,1,,2.368333333333333,2.368333333333333,Layanan Cukup
390500,39,3905,TAMBRAUW,3946,1393,495,266,6553,0.0,1,,2.1843333333333335,2.1843333333333335,Layanan Cukup
321100,32,3211,PEGUNUNGAN ARFAK,4218,1186,510,79,6424,0.0,1,,2.1413333333333333,2.1413333333333333,Layanan Cukup
380500,38,3805,MAMBERAMO TENGAH,3975,1419,609,0,6293,0.0,1,,2.0976666666666666,2.0976666666666666,Layanan Cukup
360700,36,3607,INTAN JAYA,4788,960,107,0,5901,0.0,1,,1.967,1.967,Layanan Cukup
10100,10,1010,ADM. KEPULAUAN SERIBU,2539,1123,573,382,5825,7.0,0,832.1428571428571,1.9416666666666667,-5.058333333333334,Layanan Cukup
390100,39,3901,MAYBRAT,3260,1110,500,114,5330,0.0,1,,1.7766666666666666,1.7766666666666666,Layanan Cukup
360500,36,3605,PUNCAK,3215,778,396,46,4585,0.0,1,,1.5283333333333333,1.5283333333333333,Layanan Cukup
