kode_wilayah,nama_wilayah,tk_sederajat,kb_sederajat,tpa,sps,sd_sederajat,smp_sederajat,sma_sederajat,smk_sederajat,slb,total,nama_kabupaten,kode_provinsi,kode_kabupaten,total_siswa,jumlah_sppg,rasio_siswa_per_sppg,kategori_layanan,kebutuhan_sppg,gap_sppg
20500,KAB. BOGOR,45616,91327,144,17467,703051,323841,123027,132446,747,1437666,BOGOR,20,2050,1437666,642.0,2239.355140186916,"Layanan Sesuai (High Demand, High Supply)",479.222,-162.77800000000002
20800,KAB. BANDUNG,61613,37504,289,12933,405286,184351,90140,54268,3524,849908,BANDUNG,20,2080,849908,490.0,1734.5061224489796,"Layanan Sesuai (High Demand, High Supply)",283.30266666666665,-206.69733333333335
280300,KAB. TANGERANG,40501,33296,122,3523,417022,174765,77573,76649,1602,825053,TANGERANG,28,2803,825053,298.0,2768.6342281879197,"Layanan Sesuai (High Demand, High Supply)",275.0176666666667,-22.982333333333315
22200,KAB. BEKASI,57181,23628,329,2940,423093,169132,72021,74158,702,823184,BEKASI,22,2220,823184,317.0,2596.794952681388,"Layanan Sesuai (High Demand, High Supply)",274.3946666666667,-42.605333333333306
21100,KAB. GARUT,56879,54456,361,6473,316304,152613,78744,52705,2382,720917,GARUT,21,2110,720917,452.0,1594.9491150442477,"Layanan Sesuai (High Demand, High Supply)",240.30566666666667,-211.69433333333333
20600,KAB. SUKABUMI,25050,34333,105,34006,301321,133273,62348,37190,1234,628860,SUKABUMI,20,2060,628860,355.0,1771.4366197183099,"Layanan Sesuai (High Demand, High Supply)",209.62,-145.38
20700,KAB. CIANJUR,20399,42538,45,11269,296853,128247,45486,53308,836,598981,CIANJUR,20,2070,598981,345.0,1736.176811594203,"Layanan Sesuai (High Demand, High Supply)",199.66033333333334,-145.33966666666666
56000,KOTA SURABAYA,75368,7480,593,25574,246917,117997,63903,58372,1708,597912,KOTA SURABAYA,56,5600,597912,116.0,5154.413793103448,"Layanan Sesuai (High Demand, High Supply)",199.304,83.304
22100,KAB. KARAWANG,31001,7274,88,34663,284552,115370,41408,60338,711,575405,KARAWANG,22,2210,575405,277.0,2077.274368231047,"Layanan Sesuai (High Demand, High Supply)",191.80166666666668,-85.19833333333332
51800,KAB. MALANG,70595,22953,153,521,238639,127662,43555,53434,859,558371,MALANG,51,5180,558371,225.0,2481.648888888889,"Layanan Sesuai (High Demand, High Supply)",186.12366666666668,-38.87633333333332
26500,KOTA BEKASI,43449,8965,237,7858,261639,114042,56188,59593,919,552890,KOTA BEKASI,26,2650,552890,249.0,2220.4417670682733,"Layanan Sesuai (High Demand, High Supply)",184.29666666666665,-64.70333333333335
76000,KOTA MEDAN,31184,9573,0,207,233722,122300,85608,48961,1309,532864,KOTA MEDAN,76,7600,532864,199.0,2677.708542713568,"Layanan Sesuai (High Demand, High Supply)",177.62133333333333,-21.378666666666675
21700,KAB. CIREBON,39666,21190,77,699,240943,116942,47405,46937,1659,515518,CIREBON,21,2170,515518,259.0,1990.4169884169885,"Layanan Sesuai (High Demand, High Supply)",171.83933333333334,-87.16066666666666
52400,KAB. JEMBER,63287,13518,185,8759,219352,106707,49291,47365,835,509299,JEMBER,52,5240,509299,206.0,2472.3252427184466,"Layanan Sesuai (High Demand, High Supply)",169.76633333333334,-36.233666666666664
26000,KOTA BANDUNG,27774,17240,490,8014,217870,108257,71056,52146,2116,504963,KOTA BANDUNG,26,2600,504963,252.0,2003.8214285714287,"Layanan Sesuai (High Demand, High Supply)",168.321,-83.679
70100,KAB. DELI SERDANG,39672,7796,19,143,243447,114342,51921,41475,955,499770,DELI SERDANG,70,7010,499770,217.0,2303.0875576036865,"Layanan Sesuai (High Demand, High Supply)",166.59,-50.41
16400,KOTA ADM. JAKARTA TIMUR,22114,1608,380,18836,229428,107781,58777,56504,1564,496992,KOTA ADM. JAKARTA TIMUR,16,1640,496992,229.0,2170.2707423580787,"Layanan Sesuai (High Demand, High Supply)",165.664,-63.33600000000001
50200,KAB. SIDOARJO,59432,18639,785,2469,201379,94321,43104,43165,2137,465431,SIDOARJO,50,5020,465431,142.0,3277.6830985915494,"Layanan Sesuai (High Demand, High Supply)",155.14366666666666,13.143666666666661
21200,KAB. TASIKMALAYA,31104,28223,34,5649,179651,98014,46362,37117,1282,427436,TASIKMALAYA,21,2120,427436,281.0,1521.1245551601423,"Layanan Sesuai (High Demand, High Supply)",142.47866666666667,-138.52133333333333
26600,KOTA DEPOK,27733,14596,491,7147,205243,92434,39023,38319,709,425695,KOTA DEPOK,26,2660,425695,192.0,2217.1614583333335,"Layanan Sesuai (High Demand, High Supply)",141.89833333333334,-50.10166666666666
280400,KAB. SERANG,18693,30154,49,5620,202437,85881,42835,27219,453,413341,SERANG,28,2804,413341,216.0,1913.6157407407406,"Layanan Sesuai (High Demand, High Supply)",137.78033333333335,-78.21966666666665
22300,KAB. BANDUNG BARAT,25636,14472,71,13296,195179,90820,40389,29144,1283,410290,BANDUNG BARAT,22,2230,410290,221.0,1856.5158371040725,"Layanan Sesuai (High Demand, High Supply)",136.76333333333332,-84.23666666666668
32900,KAB. BREBES,31285,16211,138,406,191357,88127,29588,40677,340,398129,BREBES,32,3290,398129,190.0,2095.415789473684,"Layanan Sesuai (High Demand, High Supply)",132.70966666666666,-57.290333333333336
116000,KOTA PALEMBANG,23855,7288,108,1406,184689,87441,58704,33135,1301,397927,KOTA PALEMBANG,11,1160,397927,206.0,1931.6844660194174,"Layanan Sesuai (High Demand, High Supply)",132.64233333333334,-73.35766666666666
21800,KAB. INDRAMAYU,31311,1202,0,16703,192433,82604,28500,44009,703,397465,INDRAMAYU,21,2180,397465,191.0,2080.9685863874347,"Layanan Sesuai (High Demand, High Supply)",132.48833333333334,-58.511666666666656
286100,KOTA TANGERANG,33129,6710,100,2872,186594,80631,37839,45374,1173,394422,KOTA TANGERANG,28,2861,394422,87.0,4533.586206896552,"Layanan Sesuai (High Demand, High Supply)",131.474,44.47399999999999
30100,KAB. CILACAP,25417,16457,409,2228,177221,84993,28976,44539,1100,381340,CILACAP,30,3010,381340,198.0,1925.959595959596,"Layanan Sesuai (High Demand, High Supply)",127.11333333333333,-70.88666666666667
230300,KAB. LOMBOK TIMUR,40652,21629,56,2563,164293,77938,52047,19648,809,379635,LOMBOK TIMUR,23,2303,379635,251.0,1512.4900398406373,"Layanan Sesuai (High Demand, High Supply)",126.545,-124.455
30200,KAB. BANYUMAS,27659,7552,381,4477,158309,84406,29103,51508,639,364034,BANYUMAS,30,3020,364034,213.0,1709.0798122065728,"Layanan Sesuai (High Demand, High Supply)",121.34466666666667,-91.65533333333333
51900,KAB. PASURUAN,51167,8187,181,2860,155240,78538,37076,29510,639,363398,PASURUAN,51,5190,363398,104.0,3494.2115384615386,"Layanan Sesuai (High Demand, High Supply)",121.13266666666667,17.132666666666665
16200,KOTA ADM. JAKARTA BARAT,16116,4362,93,7912,166946,78355,33914,41977,1437,351112,KOTA ADM. JAKARTA BARAT,16,1620,351112,63.0,5573.206349206349,"Layanan Sesuai (High Demand, High Supply)",117.03733333333334,54.037333333333336
36300,KOTA SEMARANG,43658,6566,381,6066,144659,73457,37713,35773,1301,349574,KOTA SEMARANG,36,3630,349574,171.0,2044.2923976608188,"Layanan Sesuai (High Demand, High Supply)",116.52466666666666,-54.47533333333334
16300,KOTA ADM. JAKARTA SELATAN,15157,1645,556,11738,149438,77734,46755,43473,1926,348422,KOTA ADM. JAKARTA SELATAN,16,1630,348422,120.0,2903.516666666667,"Layanan Sesuai (High Demand, High Supply)",116.14066666666666,-3.859333333333339
286300,KOTA TANGERANG SELATAN,25762,7782,10,1002,164934,72779,37744,34250,1050,345313,KOTA TANGERANG SELATAN,28,2863,345313,109.0,3168.0091743119265,"Layanan Sesuai (High Demand, High Supply)",115.10433333333333,6.104333333333329
21900,KAB. SUBANG,22145,13477,199,9358,156937,76702,33790,30872,1040,344520,SUBANG,21,2190,344520,194.0,1775.8762886597938,"Layanan Sesuai (High Demand, High Supply)",114.84,-79.16
280200,KAB. LEBAK,17094,23441,80,191,168984,75745,36617,20158,766,343076,LEBAK,28,2802,343076,194.0,1768.4329896907216,"Layanan Sesuai (High Demand, High Supply)",114.35866666666666,-79.64133333333334
51300,KAB. KEDIRI,42867,8764,245,11915,135383,75969,33891,26722,1406,337162,KEDIRI,51,5130,337162,182.0,1852.5384615384614,"Layanan Sesuai (High Demand, High Supply)",112.38733333333333,-69.61266666666667
32800,KAB. TEGAL,29939,15554,348,923,161990,69059,16818,40623,603,335857,TEGAL,32,3280,335857,168.0,1999.1488095238096,"Layanan Sesuai (High Demand, High Supply)",111.95233333333333,-56.04766666666667
52500,KAB. BANYUWANGI,43824,6243,147,203,140700,75028,31262,36474,1358,335239,BANYUWANGI,52,5250,335239,144.0,2328.0486111111113,"Layanan Sesuai (High Demand, High Supply)",111.74633333333334,-32.25366666666666
280100,KAB. PANDEGLANG,22470,13618,15,1102,158540,71591,31626,25282,1026,325270,PANDEGLANG,28,2801,325270,188.0,1730.159574468085,"Layanan Sesuai (High Demand, High Supply)",108.42333333333333,-79.57666666666667
50400,KAB. JOMBANG,37604,12592,610,608,116167,77165,46241,31080,1021,323088,JOMBANG,50,5040,323088,144.0,2243.6666666666665,"Layanan Sesuai (High Demand, High Supply)",107.696,-36.304
196000,KOTA MAKASSAR,24218,2318,109,0,146010,69413,47978,22456,1556,314058,KOTA MAKASSAR,19,1960,314058,122.0,2574.245901639344,"Layanan Sesuai (High Demand, High Supply)",104.686,-17.313999999999993
50100,KAB. GRESIK,43100,15519,464,4911,125723,59888,34071,23760,638,308074,GRESIK,50,5010,308074,145.0,2124.648275862069,"Layanan Sesuai (High Demand, High Supply)",102.69133333333333,-42.30866666666667
316000,KOTA BATAM,20830,2268,31,397,148877,67291,35618,29475,666,305453,KOTA BATAM,31,3160,305453,135.0,2262.614814814815,"Layanan Sesuai (High Demand, High Supply)",101.81766666666667,-33.18233333333333
32700,KAB. PEMALANG,21566,12038,165,3028,148163,63792,16792,34758,635,300937,PEMALANG,32,3270,300937,143.0,2104.4545454545455,"Layanan Sesuai (High Demand, High Supply)",100.31233333333333,-42.68766666666667
230200,KAB. LOMBOK TENGAH,29875,26776,55,1177,129270,59439,39164,13934,581,300271,LOMBOK TENGAH,23,2302,300271,172.0,1745.7616279069769,"Layanan Sesuai (High Demand, High Supply)",100.09033333333333,-71.90966666666667
31500,KAB. GROBOGAN,30519,12973,249,2100,129113,62505,29655,26924,461,294499,GROBOGAN,31,3150,294499,167.0,1763.4670658682635,"Layanan Sesuai (High Demand, High Supply)",98.16633333333333,-68.83366666666667
120200,KAB. LAMPUNG TENGAH,29531,6686,49,246,132629,68348,34093,20981,186,292749,LAMPUNG TENGAH,12,1202,292749,166.0,1763.5481927710844,"Layanan Sesuai (High Demand, High Supply)",97.583,-68.417
31800,KAB. PATI,35014,13772,590,514,116752,62726,32752,24146,505,286771,PATI,31,3180,286771,165.0,1738.0060606060606,"Layanan Sesuai (High Demand, High Supply)",95.59033333333333,-69.40966666666667
32000,KAB. JEPARA,35421,12090,580,5508,117478,58337,30282,22779,470,282945,JEPARA,32,3200,282945,175.0,1616.8285714285714,"Layanan Sesuai (High Demand, High Supply)",94.315,-80.685
21600,KAB. MAJALENGKA,28888,11245,58,1600,124312,61028,29532,24987,989,282639,MAJALENGKA,21,2160,282639,155.0,1823.4774193548387,"Layanan Sesuai (High Demand, High Supply)",94.213,-60.787000000000006
30500,KAB. KEBUMEN,22863,4619,254,10339,119753,61222,20493,37184,932,277659,KEBUMEN,30,3050,277659,169.0,1642.9526627218936,"Layanan Sesuai (High Demand, High Supply)",92.553,-76.447
32100,KAB. DEMAK,33215,10596,529,2838,121878,57664,32647,16920,312,276599,DEMAK,32,3210,276599,151.0,1831.7814569536424,"Layanan Sesuai (High Demand, High Supply)",92.19966666666667,-58.80033333333333
50700,KAB. LAMONGAN,35352,18831,145,7595,102538,55682,34269,19773,441,274626,LAMONGAN,50,5070,274626,166.0,1654.3734939759036,"Layanan Sesuai (High Demand, High Supply)",91.542,-74.458
21500,KAB. KUNINGAN,19331,18565,151,2145,113150,60110,28184,26919,1431,269986,KUNINGAN,21,2150,269986,168.0,1607.0595238095239,"Layanan Sesuai (High Demand, High Supply)",89.99533333333333,-78.00466666666667
50500,KAB. BOJONEGORO,33221,12646,181,13062,99743,53606,30226,23723,1050,267458,BOJONEGORO,50,5050,267458,141.0,1896.8652482269504,"Layanan Sesuai (High Demand, High Supply)",89.15266666666666,-51.84733333333334
96000,KOTA PEKANBARU,16865,3322,793,281,121037,55056,35006,30316,1205,263881,KOTA PEKANBARU,96,9600,263881,133.0,1984.0676691729323,"Layanan Sesuai (High Demand, High Supply)",87.96033333333334,-45.03966666666666
26100,KOTA BOGOR,13255,735,62,8300,117799,56820,27252,33324,813,258360,KOTA BOGOR,26,2610,258360,132.0,1957.2727272727273,"Layanan Sesuai (High Demand, High Supply)",86.12,-45.879999999999995
21400,KAB. CIAMIS,21413,13508,11,4782,109713,59114,27611,19643,1785,257580,CIAMIS,21,2140,257580,173.0,1488.9017341040462,"Layanan Sesuai (High Demand, High Supply)",85.86,-87.14
30800,KAB. MAGELANG,33044,8761,108,1843,111829,54605,24074,21949,313,256526,MAGELANG,30,3080,256526,146.0,1757.027397260274,"Layanan Sesuai (High Demand, High Supply)",85.50866666666667,-60.49133333333333
21000,KAB. SUMEDANG,17169,18248,0,0,112704,57095,24794,22969,1558,254537,SUMEDANG,21,2100,254537,147.0,1731.544217687075,"Layanan Sesuai (High Demand, High Supply)",84.84566666666667,-62.15433333333333
16100,KOTA ADM. JAKARTA UTARA,11445,4819,114,6224,118531,58097,26425,26940,978,253573,KOTA ADM. JAKARTA UTARA,16,1610,253573,103.0,2461.873786407767,"Layanan Sesuai (High Demand, High Supply)",84.52433333333333,-18.47566666666667
120100,KAB. LAMPUNG SELATAN,16475,14273,72,602,119598,55710,25407,20992,240,253369,LAMPUNG SELATAN,12,1201,253369,148.0,1711.9527027027027,"Layanan Sesuai (High Demand, High Supply)",84.45633333333333,-63.54366666666667
50300,KAB. MOJOKERTO,33019,11235,13,5499,95856,53702,26322,25901,824,252371,MOJOKERTO,50,5030,252371,109.0,2315.330275229358,"Layanan Sesuai (High Demand, High Supply)",84.12366666666667,-24.876333333333335
31000,KAB. KLATEN,34358,9495,361,47,102829,54023,21262,28987,995,252357,KLATEN,31,3100,252357,146.0,1728.472602739726,"Layanan Sesuai (High Demand, High Supply)",84.119,-61.881
52000,KAB. PROBOLINGGO,35480,10268,95,3743,108164,50764,30590,12145,268,251517,PROBOLINGGO,52,5200,251517,106.0,2372.801886792453,"Layanan Sesuai (High Demand, High Supply)",83.839,-22.161
52700,KAB. SAMPANG,23665,16219,36,5333,118499,48775,24134,10241,99,247001,SAMPANG,52,5270,247001,147.0,1680.2789115646258,"Layanan Sesuai (High Demand, High Supply)",82.33366666666667,-64.66633333333333
70200,KAB. LANGKAT,16617,6813,0,2369,113865,57009,30202,19864,198,246937,LANGKAT,70,7020,246937,76.0,3249.1710526315787,"Layanan Sesuai (High Demand, High Supply)",82.31233333333333,6.312333333333328
52900,KAB. BANGKALAN,27030,6159,104,2265,115755,51989,26530,15118,205,245155,BANGKALAN,52,5290,245155,127.0,1930.3543307086613,"Layanan Sesuai (High Demand, High Supply)",81.71833333333333,-45.281666666666666
22000,KAB. PURWAKARTA,17053,8151,62,2221,116112,54739,25593,19432,701,244064,PURWAKARTA,22,2200,244064,149.0,1638.013422818792,"Layanan Sesuai (High Demand, High Supply)",81.35466666666666,-67.64533333333334
126000,KOTA BANDAR LAMPUNG,19356,4728,102,1073,109046,51810,33722,22842,610,243289,KOTA BANDAR LAMPUNG,12,1260,243289,139.0,1750.2805755395684,"Layanan Sesuai (High Demand, High Supply)",81.09633333333333,-57.903666666666666
120700,KAB. LAMPUNG TIMUR,23847,9942,129,695,106077,56052,24140,19002,130,240014,LAMPUNG TIMUR,12,1207,240014,150.0,1600.0933333333332,"Layanan Sesuai (High Demand, High Supply)",80.00466666666667,-69.99533333333333
50600,KAB. TUBAN,33487,16557,118,0,98223,48346,22010,18818,468,238027,TUBAN,50,5060,238027,136.0,1750.1985294117646,"Layanan Sesuai (High Demand, High Supply)",79.34233333333333,-56.65766666666667
40200,KAB. SLEMAN,28782,7467,2754,5426,93078,50881,24005,22240,1439,236072,SLEMAN,40,4020,236072,133.0,1774.9774436090227,"Layanan Sesuai (High Demand, High Supply)",78.69066666666667,-54.30933333333333
52600,KAB. PAMEKASAN,31063,14629,169,1299,89681,45669,33387,14584,288,230769,PAMEKASAN,52,5260,230769,128.0,1802.8828125,"Layanan Sesuai (High Demand, High Supply)",76.923,-51.077
51400,KAB. NGANJUK,28989,8367,234,404,89403,51222,24524,24356,737,228236,NGANJUK,51,5140,228236,122.0,1870.7868852459017,"Layanan Sesuai (High Demand, High Supply)",76.07866666666666,-45.92133333333334
52800,KAB. SUMENEP,32703,9922,79,149,99570,44975,32455,6813,239,226905,SUMENEP,52,5280,226905,100.0,2269.05,"Layanan Sesuai (High Demand, High Supply)",75.635,-24.364999999999995
32400,KAB. KENDAL,27100,9043,286,555,94803,48186,19867,25908,995,226743,KENDAL,32,3240,226743,118.0,1921.550847457627,"Layanan Sesuai (High Demand, High Supply)",75.581,-42.419
90100,KAB. KAMPAR,18749,4524,429,695,109856,50465,32422,9144,371,226655,KAMPAR,90,9010,226655,111.0,2041.936936936937,"Layanan Sesuai (High Demand, High Supply)",75.55166666666666,-35.44833333333334
51500,KAB. BLITAR,31065,6007,106,147,98836,51526,17767,18071,722,224247,BLITAR,51,5150,224247,120.0,1868.725,"Layanan Sesuai (High Demand, High Supply)",74.749,-45.251000000000005
30900,KAB. BOYOLALI,28116,6192,332,778,93051,47763,21190,23068,577,221067,BOYOLALI,30,3090,221067,119.0,1857.7058823529412,"Layanan Sesuai (High Demand, High Supply)",73.689,-45.31100000000001
32600,KAB. PEKALONGAN,28617,9810,1067,3374,97410,43886,13114,22594,366,220238,PEKALONGAN,32,3260,220238,90.0,2447.088888888889,"Layanan Sesuai (High Demand, High Supply)",73.41266666666667,-16.587333333333333
32200,KAB. SEMARANG,29927,7252,621,266,94816,44789,18570,22383,675,219299,SEMARANG,32,3220,219299,126.0,1740.468253968254,"Layanan Sesuai (High Demand, High Supply)",73.09966666666666,-52.900333333333336
51600,KAB. TULUNGAGUNG,27510,10136,387,1132,85499,48551,19916,25294,744,219169,TULUNGAGUNG,51,5160,219169,132.0,1660.371212121212,"Layanan Sesuai (High Demand, High Supply)",73.05633333333333,-58.94366666666667
56100,KOTA MALANG,25626,3250,355,3492,84610,41226,25610,33667,1055,218891,KOTA MALANG,56,5610,218891,80.0,2736.1375,"Layanan Sesuai (High Demand, High Supply)",72.96366666666667,-7.0363333333333316
52100,KAB. LUMAJANG,29118,12563,58,0,92559,46089,23088,13375,523,217373,LUMAJANG,52,5210,217373,86.0,2527.593023255814,"Layanan Sesuai (High Demand, High Supply)",72.45766666666667,-13.542333333333332
31900,KAB. KUDUS,21314,8583,2154,865,81396,46828,26673,19669,794,208276,KUDUS,31,3190,208276,112.0,1859.607142857143,"Layanan Sesuai (High Demand, High Supply)",69.42533333333333,-42.57466666666667
86100,KOTA PADANG,14577,1183,345,1768,93863,45997,30867,17850,1389,207839,KOTA PADANG,86,8610,207839,70.0,2969.1285714285714,"Layanan Sesuai (High Demand, High Supply)",69.27966666666667,-0.720333333333329
30400,KAB. BANJARNEGARA,20487,10654,124,496,94308,44028,14269,21167,567,206100,BANJARNEGARA,30,3040,206100,106.0,1944.3396226415093,"Layanan Sesuai (High Demand, High Supply)",68.7,-37.3
30300,KAB. PURBALINGGA,18043,7370,345,1214,92787,45058,15343,24902,470,205532,PURBALINGGA,30,3030,205532,108.0,1903.0740740740741,"Layanan Sesuai (High Demand, High Supply)",68.51066666666667,-39.489333333333335
110700,KAB. BANYUASIN,9176,12327,0,122,106488,43090,25053,7208,236,203700,BANYUASIN,11,1107,203700,75.0,2716.0,"Layanan Sesuai (High Demand, High Supply)",67.9,-7.099999999999994
31400,KAB. SRAGEN,24152,4371,250,2267,82626,43115,16173,28758,792,202504,SRAGEN,31,3140,202504,118.0,1716.135593220339,"Layanan Sesuai (High Demand, High Supply)",67.50133333333333,-50.498666666666665
40100,KAB. BANTUL,25575,9703,1221,3231,74862,39983,22797,19708,1424,198504,BANTUL,40,4010,198504,120.0,1654.2,"Layanan Sesuai (High Demand, High Supply)",66.168,-53.831999999999994
70400,KAB. SIMALUNGUN,9787,7764,0,98,94161,46790,23622,13363,131,195716,SIMALUNGUN,70,7040,195716,64.0,3058.0625,"Layanan Sesuai (High Demand, High Supply)",65.23866666666666,1.23866666666666
166000,KOTA SAMARINDA,11175,4174,320,109,90978,42510,21639,23024,851,194780,KOTA SAMARINDA,16,1660,194780,58.0,3358.2758620689656,"Layanan Sesuai (High Demand, High Supply)",64.92666666666666,6.926666666666662
230100,KAB. LOMBOK BARAT,11374,16340,85,408,82986,44361,25760,11856,388,193558,LOMBOK BARAT,23,2301,193558,114.0,1697.877192982456,"Layanan Sesuai (High Demand, High Supply)",64.51933333333334,-49.480666666666664
160200,KAB. KUTAI KARTANEGARA,15972,4675,159,81,92056,41717,20664,14413,387,190124,KUTAI KARTANEGARA,16,1602,190124,41.0,4637.170731707317,"Prioritas Utama (High Demand, Low Supply)",63.37466666666667,22.37466666666667
226000,KOTA DENPASAR,20417,1370,228,25,85926,38925,19582,22205,930,189608,KOTA DENPASAR,22,2260,189608,45.0,4213.511111111111,"Prioritas Utama (High Demand, Low Supply)",63.202666666666666,18.202666666666666
51100,KAB. PONOROGO,22920,5026,146,125,67953,45801,23407,19041,401,184820,PONOROGO,51,5110,184820,75.0,2464.266666666667,"Layanan Sesuai (High Demand, High Supply)",61.60666666666667,-13.39333333333333
110200,KAB. OGAN KOMERING ILIR,8132,13480,0,197,93007,38123,20423,10875,80,184317,OGAN KOMERING ILIR,11,1102,184317,84.0,2194.25,"Layanan Sesuai (High Demand, High Supply)",61.439,-22.561
30700,KAB. WONOSOBO,20289,5584,147,5040,81059,40127,16007,15586,268,184107,WONOSOBO,30,3070,184107,112.0,1643.8125,"Layanan Sesuai (High Demand, High Supply)",61.369,-50.631
31100,KAB. SUKOHARJO,23524,6550,524,564,74785,38639,19308,19455,666,184015,SUKOHARJO,31,3110,184015,107.0,1719.766355140187,"Layanan Sesuai (High Demand, High Supply)",61.33833333333333,-45.66166666666667
91000,KAB. ROKAN HILIR,15185,3672,36,73,89458,39854,27759,5453,119,181609,ROKAN HILIR,91,9100,181609,65.0,2793.9846153846156,"Layanan Sesuai (High Demand, High Supply)",60.53633333333333,-4.4636666666666684
286200,KOTA SERANG,10256,7190,8,1956,87519,37188,17447,19006,753,181323,KOTA SERANG,28,2862,181323,95.0,1908.6631578947367,"Layanan Sesuai (High Demand, High Supply)",60.441,-34.559
110100,KAB. MUSI BANYUASIN,11060,9410,48,0,90377,38062,20967,9857,206,179987,MUSI BANYUASIN,11,1101,179987,40.0,4499.675,"Prioritas Utama (High Demand, Low Supply)",59.995666666666665,19.995666666666665
70600,KAB. ASAHAN,9789,5692,106,288,84527,42863,23914,12363,251,179793,ASAHAN,70,7060,179793,80.0,2247.4125,"Layanan Sesuai (High Demand, High Supply)",59.931,-20.069000000000003
31300,KAB. KARANGANYAR,23892,6186,618,574,75318,38084,14971,18780,1009,179432,KARANGANYAR,31,3130,179432,96.0,1869.0833333333333,"Layanan Sesuai (High Demand, High Supply)",59.81066666666667,-36.18933333333333
190300,KAB. GOWA,14276,478,0,4257,89083,37429,21466,9427,448,176864,GOWA,19,1903,176864,77.0,2296.935064935065,"Layanan Sesuai (High Demand, High Supply)",58.95466666666667,-18.045333333333332
26800,KOTA TASIKMALAYA,11784,6035,50,5066,74023,39219,22746,15768,768,175459,KOTA TASIKMALAYA,26,2680,175459,116.0,1512.5775862068965,"Layanan Sesuai (High Demand, High Supply)",58.486333333333334,-57.513666666666666
31600,KAB. BLORA,21332,7791,138,1022,71055,35826,13386,21979,619,173148,BLORA,31,3160,173148,94.0,1842.0,"Layanan Sesuai (High Demand, High Supply)",57.716,-36.284
32500,KAB. BATANG,22823,6551,605,1129,79319,35693,11056,15506,304,172986,BATANG,32,3250,172986,88.0,1965.75,"Layanan Sesuai (High Demand, High Supply)",57.662,-30.338
31200,KAB. WONOGIRI,15409,8807,66,556,70979,37633,12973,21896,750,169069,WONOGIRI,31,3120,169069,86.0,1965.9186046511627,"Layanan Sesuai (High Demand, High Supply)",56.35633333333333,-29.643666666666668
16000,KOTA ADM. JAKARTA PUSAT,5863,830,242,5554,70539,38937,20202,23686,470,166323,KOTA ADM. JAKARTA PUSAT,16,1600,166323,47.0,3538.7872340425533,"Prioritas Utama (High Demand, Low Supply)",55.441,8.441000000000003
190700,KAB. BONE,19767,521,0,1309,76668,35587,27106,4758,332,166048,BONE,19,1907,166048,44.0,3773.818181818182,"Prioritas Utama (High Demand, Low Supply)",55.349333333333334,11.349333333333334
90200,KAB. BENGKALIS,10954,4654,102,295,78741,37094,24399,8424,479,165142,BENGKALIS,90,9020,165142,84.0,1965.9761904761904,"Layanan Sesuai (High Demand, High Supply)",55.047333333333334,-28.952666666666666
110800,KAB. OGAN KOMERING ULU TIMUR,12877,7541,0,90,72459,37234,20484,12672,98,163455,OGAN KOMERING ULU TIMUR,11,1108,163455,57.0,2867.6315789473683,"Layanan Sesuai (High Demand, High Supply)",54.485,-2.5150000000000006
106000,KOTA JAMBI,10660,4155,439,450,69044,36136,25914,13083,966,160847,KOTA JAMBI,10,1060,160847,44.0,3655.6136363636365,"Prioritas Utama (High Demand, Low Supply)",53.61566666666667,9.61566666666667
32300,KAB. TEMANGGUNG,21123,5367,506,1623,66939,35826,12661,16023,273,160341,TEMANGGUNG,32,3230,160341,87.0,1843.0,"Layanan Sesuai (High Demand, High Supply)",53.447,-33.553
90500,KAB. INDRAGIRI HILIR,5886,7260,15,161,82730,34792,23021,5021,161,159047,INDRAGIRI HILIR,90,9050,159047,38.0,4185.4473684210525,"Prioritas Utama (High Demand, Low Supply)",53.01566666666667,15.015666666666668
136000,KOTA PONTIANAK,9068,3986,120,112,70172,35408,26535,12748,588,158737,KOTA PONTIANAK,13,1360,158737,82.0,1935.8170731707316,"Layanan Sesuai (High Demand, High Supply)",52.912333333333336,-29.087666666666664
166100,KOTA BALIKPAPAN,7717,7085,225,1390,75622,33159,14184,18558,678,158618,KOTA BALIKPAPAN,16,1661,158618,34.0,4665.235294117647,"Prioritas Utama (High Demand, Low Supply)",52.87266666666667,18.872666666666667
90900,KAB. ROKAN HULU,11140,6195,63,30,76453,34754,17075,11150,187,157047,ROKAN HULU,90,9090,157047,48.0,3271.8125,"Prioritas Utama (High Demand, Low Supply)",52.349,4.348999999999997
60300,KAB. ACEH UTARA,12202,4092,291,1062,75647,35148,22648,5070,314,156474,ACEH UTARA,60,6030,156474,72.0,2173.25,"Layanan Sesuai (High Demand, High Supply)",52.158,-19.842
36100,KOTA SURAKARTA,13906,3227,209,899,56135,33759,23525,23692,1068,156420,KOTA SURAKARTA,36,3610,156420,72.0,2172.5,"Layanan Sesuai (High Demand, High Supply)",52.14,-19.86
52200,KAB. BONDOWOSO,18141,19324,38,677,61953,28854,15605,11563,218,156373,BONDOWOSO,52,5220,156373,76.0,2057.5394736842104,"Layanan Sesuai (High Demand, High Supply)",52.12433333333333,-23.875666666666667
50900,KAB. NGAWI,19057,5273,122,25,64119,32711,13256,19474,408,154445,NGAWI,50,5090,154445,76.0,2032.171052631579,"Layanan Sesuai (High Demand, High Supply)",51.48166666666667,-24.51833333333333
72100,KAB. SERDANG BEDAGAI,10471,3408,73,714,71847,36007,18735,11027,141,152423,SERDANG BEDAGAI,72,7210,152423,64.0,2381.609375,"Layanan Sesuai (High Demand, High Supply)",50.80766666666667,-13.19233333333333
220100,KAB. BULELENG,12525,508,160,0,70895,35205,14910,17379,345,151927,BULELENG,22,2201,151927,37.0,4106.135135135135,"Prioritas Utama (High Demand, Low Supply)",50.64233333333333,13.642333333333333
30600,KAB. PURWOREJO,13405,4124,254,3243,63118,34317,14496,18245,497,151699,PURWOREJO,30,3060,151699,70.0,2167.1285714285714,"Layanan Sesuai (High Demand, High Supply)",50.56633333333333,-19.433666666666667
110400,KAB. MUARA ENIM,9905,3076,37,209,73619,33541,17008,10461,129,147985,MUARA ENIM,11,1104,147985,43.0,3441.5116279069766,"Prioritas Utama (High Demand, Low Supply)",49.32833333333333,6.328333333333333
31700,KAB. REMBANG,17860,10231,314,1052,55425,31778,19052,11698,350,147760,REMBANG,31,3170,147760,79.0,1870.379746835443,"Layanan Sesuai (High Demand, High Supply)",49.25333333333333,-29.74666666666667
52300,KAB. SITUBONDO,16823,10430,18,27,53246,32334,19798,11798,168,144642,SITUBONDO,52,5230,144642,46.0,3144.391304347826,"Prioritas Utama (High Demand, Low Supply)",48.214,2.2139999999999986
120300,KAB. LAMPUNG UTARA,11623,2809,17,321,68901,30917,19433,8642,112,142775,LAMPUNG UTARA,12,1203,142775,73.0,1955.8219178082193,"Layanan Sesuai (High Demand, High Supply)",47.59166666666667,-25.40833333333333
130100,KAB. SAMBAS,3451,8459,32,188,71065,33134,13993,12112,112,142546,SAMBAS,13,1301,142546,59.0,2416.0338983050847,"Layanan Sesuai (High Demand, High Supply)",47.51533333333333,-11.48466666666667
230600,KAB. BIMA,15787,17484,126,1088,58645,23557,19464,5120,586,141857,BIMA,23,2306,141857,66.0,2149.348484848485,"Layanan Sesuai (High Demand, High Supply)",47.285666666666664,-18.714333333333336
156000,KOTA BANJARMASIN,15179,2055,337,32,63103,27907,16993,13481,749,139836,KOTA BANJARMASIN,15,1560,139836,61.0,2292.3934426229507,"Layanan Sesuai (High Demand, High Supply)",46.612,-14.387999999999998
220400,KAB. BADUNG,15029,1478,271,0,61719,28951,13656,13714,276,135094,BADUNG,22,2204,135094,29.0,4658.413793103448,"Prioritas Utama (High Demand, Low Supply)",45.031333333333336,16.031333333333336
120600,KAB. TANGGAMUS,8105,8046,151,563,66214,29010,14120,8484,92,134785,TANGGAMUS,12,1206,134785,69.0,1953.4057971014493,"Layanan Sesuai (High Demand, High Supply)",44.928333333333335,-24.071666666666665
51000,KAB. MAGETAN,16497,3219,176,1955,51288,30071,14576,12237,495,130514,MAGETAN,51,5100,130514,66.0,1977.4848484848485,"Layanan Sesuai (High Demand, High Supply)",43.504666666666665,-22.495333333333335
51700,KAB. TRENGGALEK,14566,5206,83,1680,53872,28441,11940,13943,391,130122,TRENGGALEK,51,5170,130122,69.0,1885.8260869565217,"Layanan Sesuai (High Demand, High Supply)",43.374,-25.625999999999998
240300,KAB. TIMOR TENGAH SELATAN,3197,11067,26,40,61987,27858,19249,5415,143,128982,TIMOR TENGAH SELATAN,24,2403,128982,12.0,10748.5,"Prioritas Utama (High Demand, Low Supply)",42.994,30.994
91100,KAB. SIAK,10365,3398,137,20,60689,28458,18364,7152,292,128875,SIAK,91,9110,128875,56.0,2301.339285714286,"Layanan Sesuai (High Demand, High Supply)",42.958333333333336,-13.041666666666664
130600,KAB. KETAPANG,8323,5585,103,99,65427,26080,13121,7334,170,126242,KETAPANG,13,1306,126242,54.0,2337.814814814815,"Layanan Sesuai (High Demand, High Supply)",42.080666666666666,-11.919333333333334
80600,KAB. PESISIR SELATAN,10018,4592,49,281,57626,27314,19919,5111,716,125626,PESISIR SELATAN,80,8060,125626,37.0,3395.2972972972975,"Prioritas Utama (High Demand, Low Supply)",41.87533333333333,4.87533333333333
71500,KAB. MANDAILING NATAL,5512,5862,79,10,64320,27002,16558,5874,114,125331,MANDAILING NATAL,71,7150,125331,32.0,3916.59375,"Prioritas Utama (High Demand, Low Supply)",41.777,9.777000000000001
50800,KAB. MADIUN,15234,7352,45,166,49839,26045,10745,13246,605,123277,MADIUN,50,5080,123277,56.0,2201.375,"Layanan Sesuai (High Demand, High Supply)",41.092333333333336,-14.907666666666664
230400,KAB. SUMBAWA,8718,14350,31,1102,53078,24206,13190,7439,355,122469,SUMBAWA,23,2304,122469,22.0,5566.772727272727,"Prioritas Utama (High Demand, Low Supply)",40.823,18.823
61200,KAB. BIREUEN,9913,2953,119,0,52548,28085,22891,4685,439,121633,BIREUEN,61,6120,121633,58.0,2097.1206896551726,"Layanan Sesuai (High Demand, High Supply)",40.544333333333334,-17.455666666666666
26700,KOTA CIMAHI,7984,3035,45,2732,51495,25564,13575,16275,682,121387,KOTA CIMAHI,26,2670,121387,64.0,1896.671875,"Layanan Sesuai (High Demand, High Supply)",40.46233333333333,-23.537666666666667
40300,KAB. GUNUNGKIDUL,13502,7589,407,2355,44097,23204,7840,19445,907,119346,GUNUNGKIDUL,40,4030,119346,72.0,1657.5833333333333,Layanan Cukup,39.782,-32.218
236000,KOTA MATARAM,10099,2264,145,5,51731,26053,17660,9941,517,118415,KOTA MATARAM,23,2360,118415,63.0,1879.6031746031747,Layanan Cukup,39.471666666666664,-23.528333333333336
90400,KAB. INDRAGIRI HULU,7140,1700,0,0,59147,27626,14540,7956,145,118254,INDRAGIRI HULU,90,9040,118254,27.0,4379.777777777777,Layanan Cukup,39.418,12.418
330300,KAB. POLEWALI MANDAR,8697,13092,142,244,51532,23603,13173,7357,249,118089,POLEWALI MANDAR,33,3303,118089,57.0,2071.7368421052633,Layanan Cukup,39.363,-17.637
286000,KOTA CILEGON,10099,4796,215,814,52782,23851,11431,11861,378,116227,KOTA CILEGON,28,2860,116227,49.0,2371.9795918367345,Layanan Cukup,38.742333333333335,-10.257666666666665
150100,KAB. BANJAR,9703,7176,156,0,57181,22322,13105,5619,435,115697,BANJAR,15,1501,115697,31.0,3732.1612903225805,Layanan Cukup,38.565666666666665,7.565666666666665
81300,KAB. PASAMAN BARAT,11078,616,43,0,55034,26573,15156,6083,210,114793,PASAMAN BARAT,81,8130,114793,10.0,11479.3,Layanan Cukup,38.26433333333333,28.264333333333333
140400,KAB. KOTAWARINGIN TIMUR,12540,537,76,170,58044,23540,11781,7487,297,114472,KOTAWARINGIN TIMUR,14,1404,114472,7.0,16353.142857142857,Layanan Cukup,38.157333333333334,31.157333333333334
56300,KOTA KEDIRI,8343,2649,142,273,30331,31555,25884,14483,309,113969,KOTA KEDIRI,56,5630,113969,54.0,2110.537037037037,Layanan Cukup,37.989666666666665,-16.010333333333335
161000,KAB. KUTAI TIMUR,12234,3412,155,646,57928,22058,9161,7780,214,113588,KUTAI TIMUR,16,1610,113588,18.0,6310.444444444444,Layanan Cukup,37.86266666666667,19.86266666666667
46000,KOTA YOGYAKARTA,9169,1270,614,1869,38226,23758,20915,16834,614,113269,KOTA YOGYAKARTA,46,4600,113269,46.0,2462.3695652173915,Layanan Cukup,37.75633333333333,-8.24366666666667
80100,KAB. AGAM,8395,1261,26,280,50890,28161,16047,5964,487,111511,AGAM,80,8010,111511,34.0,3279.735294117647,Layanan Cukup,37.17033333333333,3.170333333333332
131300,KAB. KUBU RAYA,4163,7147,0,173,56338,23068,13828,6108,118,110943,KUBU RAYA,13,1313,110943,71.0,1562.5774647887324,Layanan Cukup,36.981,-34.019
241900,KAB. SUMBA BARAT DAYA,2710,8171,0,0,52541,23537,14121,9712,58,110850,SUMBA BARAT DAYA,24,2419,110850,8.0,13856.25,Layanan Cukup,36.95,28.950000000000003
90800,KAB. PELALAWAN,8920,172,434,31,59147,23043,12107,6806,190,110850,PELALAWAN,90,9080,110850,32.0,3464.0625,Layanan Cukup,36.95,4.950000000000003
60400,KAB. ACEH TIMUR,5270,8234,351,381,57852,22528,11044,4323,234,110217,ACEH TIMUR,60,6040,110217,54.0,2041.0555555555557,Layanan Cukup,36.739,-17.261000000000003
180800,KAB. PARIGI MOUTONG,9375,11151,0,0,50268,21150,14202,3369,121,109636,PARIGI MOUTONG,18,1808,109636,19.0,5770.315789473684,Layanan Cukup,36.54533333333333,17.545333333333332
120800,KAB. WAY KANAN,8802,4455,0,342,52368,23604,13048,6766,41,109426,WAY KANAN,12,1208,109426,53.0,2064.6415094339623,Layanan Cukup,36.47533333333333,-16.52466666666667
111000,KAB. OGAN ILIR,4172,10364,0,619,47960,23874,15458,6831,78,109356,OGAN ILIR,11,1110,109356,50.0,2187.12,Layanan Cukup,36.452,-13.548000000000002
120900,KAB. PESAWARAN,7865,5089,81,569,52073,24431,12100,5431,35,107674,PESAWARAN,12,1209,107674,59.0,1824.9830508474577,Layanan Cukup,35.891333333333336,-23.108666666666664
121000,KAB. PRINGSEWU,7712,3078,36,602,45057,25274,13200,12294,224,107477,PRINGSEWU,12,1210,107477,62.0,1733.5,Layanan Cukup,35.82566666666666,-26.174333333333337
220500,KAB. GIANYAR,9980,1868,46,0,44308,22330,7898,17016,273,103719,GIANYAR,22,2205,103719,27.0,3841.4444444444443,Layanan Cukup,34.573,7.573
266000,KOTA BENGKULU,9989,593,659,718,43534,21447,16673,7826,678,102117,KOTA BENGKULU,26,2660,102117,42.0,2431.3571428571427,Layanan Cukup,34.039,-7.9609999999999985
130400,KAB. SINTANG,5038,1783,80,22,52678,23459,11838,6692,149,101739,SINTANG,13,1304,101739,9.0,11304.333333333334,Layanan Cukup,33.913,24.912999999999997
60100,KAB. ACEH BESAR,9851,1872,38,18,46130,23274,16785,3037,233,101238,ACEH BESAR,60,6010,101238,54.0,1874.7777777777778,Layanan Cukup,33.746,-20.253999999999998
246000,KOTA KUPANG,4830,4125,104,32,43383,22609,16283,9168,480,101014,KOTA KUPANG,24,2460,101014,42.0,2405.095238095238,Layanan Cukup,33.67133333333334,-8.328666666666663
51200,KAB. PACITAN,9466,7054,157,1398,39662,22839,7905,11832,210,100523,PACITAN,51,5120,100523,45.0,2233.8444444444444,Layanan Cukup,33.507666666666665,-11.492333333333335
186000,KOTA PALU,8790,1716,92,49,42190,21259,16040,9309,659,100104,KOTA PALU,18,1860,100104,35.0,2860.114285714286,Layanan Cukup,33.368,-1.631999999999998
130300,KAB. SANGGAU,4084,4002,20,31,51604,22610,11371,6125,95,99942,SANGGAU,13,1303,99942,28.0,3569.3571428571427,Layanan Cukup,33.314,5.314
206000,KOTA KENDARI,9181,1211,44,0,45298,20366,15866,7374,527,99867,KOTA KENDARI,20,2060,99867,39.0,2560.6923076923076,Layanan Cukup,33.289,-5.7109999999999985
190100,KAB. MAROS,6997,4010,61,0,48714,21960,14622,3128,210,99702,MAROS,19,1901,99702,41.0,2431.756097560976,Layanan Cukup,33.234,-7.765999999999998
210100,KAB. MALUKU TENGAH,7088,2804,0,64,45985,22241,18081,1763,113,98139,MALUKU TENGAH,21,2101,98139,25.0,3925.56,Layanan Cukup,32.713,7.713000000000001
241100,KAB. MANGGARAI,1735,6013,137,2733,41617,21611,14089,9454,246,97635,MANGGARAI,24,2411,97635,29.0,3366.7241379310344,Layanan Cukup,32.545,3.5450000000000017
120500,KAB. TULANG BAWANG,9650,2817,56,354,48180,20991,8747,6654,46,97495,TULANG BAWANG,12,1205,97495,46.0,2119.4565217391305,Layanan Cukup,32.498333333333335,-13.501666666666665
110500,KAB. LAHAT,6403,3720,0,0,45726,21266,13642,6306,105,97168,LAHAT,11,1105,97168,13.0,7474.461538461538,Layanan Cukup,32.38933333333333,19.389333333333333
60200,KAB. PIDIE,8430,1776,28,0,46529,21214,14643,3893,304,96817,PIDIE,60,6020,96817,52.0,1861.8653846153845,Layanan Cukup,32.272333333333336,-19.727666666666664
100700,KAB. MUARO JAMBI,7663,2655,49,172,46827,20582,12807,4768,169,95692,MUARO JAMBI,10,1007,95692,18.0,5316.222222222223,Layanan Cukup,31.897333333333332,13.897333333333332
26300,KOTA CIREBON,5815,2495,142,895,38783,21587,15883,9312,474,95386,KOTA CIREBON,26,2630,95386,47.0,2029.4893617021276,Layanan Cukup,31.795333333333332,-15.204666666666668
191100,KAB. BULUKUMBA,12337,1797,35,0,43971,19284,13587,3713,134,94858,BULUKUMBA,19,1911,94858,45.0,2107.9555555555557,Layanan Cukup,31.619333333333334,-13.380666666666666
70700,KAB. LABUHANBATU,2886,5693,371,0,47477,15716,12085,9378,96,93702,LABUHANBATU,70,7070,93702,38.0,2465.842105263158,Layanan Cukup,31.234,-6.765999999999998
176000,KOTA MANADO,6796,583,41,3,41715,20489,15513,8161,376,93677,KOTA MANADO,17,1760,93677,44.0,2129.0227272727275,Layanan Cukup,31.225666666666665,-12.774333333333335
190500,KAB. JENEPONTO,9374,2272,0,204,44599,19852,12763,4355,163,93582,JENEPONTO,19,1905,93582,53.0,1765.698113207547,Layanan Cukup,31.194,-21.806
26200,KOTA SUKABUMI,5136,3177,0,995,39281,20322,12994,10210,326,92441,KOTA SUKABUMI,26,2620,92441,50.0,1848.82,Layanan Cukup,30.813666666666666,-19.186333333333334
80500,KAB. PADANG PARIAMAN,6134,2525,31,105,45691,20242,14242,2702,415,92087,PADANG PARIAMAN,80,8050,92087,20.0,4604.35,Layanan Cukup,30.695666666666668,10.695666666666668
240100,KAB. KUPANG,2468,9359,0,0,43185,18807,14735,3026,172,91752,KUPANG,24,2401,91752,25.0,3670.08,Layanan Cukup,30.584,5.584
70300,KAB. KARO,4407,2083,0,0,44423,20972,13859,5135,179,91058,KARO,70,7030,91058,34.0,2678.176470588235,Layanan Cukup,30.352666666666668,-3.647333333333332
110600,KAB. MUSI RAWAS,6504,2303,16,10,44405,20709,13824,2730,198,90699,MUSI RAWAS,11,1106,90699,50.0,1813.98,Layanan Cukup,30.233,-19.767
100900,KAB. MERANGIN,7702,4102,67,1145,45430,16818,10634,4325,137,90360,MERANGIN,10,1009,90360,22.0,4107.272727272727,Layanan Cukup,30.12,8.120000000000001
130900,KAB. LANDAK,2401,4946,0,292,44962,21094,13337,2940,71,90043,LANDAK,13,1309,90043,34.0,2648.323529411765,Layanan Cukup,30.014333333333333,-3.985666666666667
110300,KAB. OGAN KOMERING ULU,4779,3164,0,146,41466,20194,14250,5718,77,89794,OGAN KOMERING ULU,11,1103,89794,27.0,3325.703703703704,Layanan Cukup,29.931333333333335,2.9313333333333347
100600,KAB. TEBO,6266,3287,206,233,43143,20848,10996,4532,128,89639,TEBO,10,1006,89639,14.0,6402.785714285715,Layanan Cukup,29.879666666666665,15.879666666666665
80400,KAB. SOLOK,6616,3628,70,0,45587,19895,10459,2973,379,89607,SOLOK,80,8040,89607,34.0,2635.5,Layanan Cukup,29.869,-4.131
70900,KAB. TAPANULI TENGAH,3580,3639,92,185,42112,20819,13589,5497,32,89545,TAPANULI TENGAH,70,7090,89545,29.0,3087.7586206896553,Layanan Cukup,29.848333333333333,0.8483333333333327
151100,KAB. TANAH BUMBU,11139,2423,62,42,41599,17962,7634,7684,178,88723,TANAH BUMBU,15,1511,88723,26.0,3412.423076923077,Layanan Cukup,29.574333333333332,3.574333333333332
40400,KAB. KULON PROGO,9091,4901,336,2835,33380,18167,7330,11274,532,87846,KULON PROGO,40,4040,87846,53.0,1657.4716981132076,Layanan Cukup,29.282,-23.718
180400,KAB. BANGGAI,8163,4317,12,0,38592,18675,12847,4710,183,87499,BANGGAI,18,1804,87499,28.0,3124.964285714286,Layanan Cukup,29.166333333333334,1.166333333333334
91400,KAB. KUANTAN SINGINGI,6979,3993,71,511,40328,18731,11706,4624,70,87013,KUANTAN SINGINGI,91,9140,87013,30.0,2900.4333333333334,Layanan Cukup,29.004333333333335,-0.9956666666666649
70800,KAB. TAPANULI UTARA,1641,5437,18,0,39316,20329,13907,6241,69,86958,TAPANULI UTARA,70,7080,86958,32.0,2717.4375,Layanan Cukup,28.986,-3.0139999999999993
191400,KAB. PINRANG,9350,472,19,0,42828,18717,9276,5636,63,86361,PINRANG,19,1914,86361,44.0,1962.75,Layanan Cukup,28.787,-15.213000000000001
220800,KAB. KARANGASEM,5889,677,82,0,40619,21905,9456,7426,177,86231,KARANGASEM,22,2208,86231,24.0,3592.9583333333335,Layanan Cukup,28.743666666666666,4.743666666666666
100200,KAB. BUNGO,6143,4853,34,168,42040,17184,10387,5181,203,86193,BUNGO,10,1002,86193,11.0,7835.727272727273,Layanan Cukup,28.731,17.731
22500,KAB. PANGANDARAN,8259,4335,0,342,36855,18736,7934,8889,596,85946,PANGANDARAN,22,2250,85946,55.0,1562.6545454545455,Layanan Cukup,28.648666666666667,-26.351333333333333
72200,KAB. BATU BARA,4249,3883,0,586,45419,15950,7927,7748,178,85940,BATU BARA,72,7220,85940,36.0,2387.222222222222,Layanan Cukup,28.64666666666667,-7.353333333333332
300200,KAB. GORONTALO,10658,2690,11,258,39909,17559,11469,3200,93,85847,GORONTALO,30,3002,85847,35.0,2452.7714285714287,Layanan Cukup,28.615666666666666,-6.384333333333334
140100,KAB. KAPUAS,8697,4732,24,660,41632,16919,9837,3174,143,85818,KAPUAS,14,1401,85818,11.0,7801.636363636364,Layanan Cukup,28.606,17.606
66100,KOTA BANDA ACEH,7596,1016,97,1155,35823,17069,15978,5505,663,84902,KOTA BANDA ACEH,66,6610,84902,38.0,2234.2631578947367,Layanan Cukup,28.300666666666668,-9.699333333333332
190800,KAB. WAJO,8224,4709,50,0,39330,18104,11572,2534,164,84687,WAJO,19,1908,84687,38.0,2228.6052631578946,Layanan Cukup,28.229,-9.771
191700,KAB. LUWU,7736,107,0,0,40257,19049,12116,5068,136,84469,LUWU,19,1917,84469,19.0,4445.736842105263,Layanan Cukup,28.156333333333333,9.156333333333333
230500,KAB. DOMPU,5305,9190,0,1260,35364,16021,11450,4452,498,83540,DOMPU,23,2305,83540,18.0,4641.111111111111,Layanan Cukup,27.846666666666668,9.846666666666668
216000,KOTA AMBON,3343,3225,0,211,35444,18373,15514,6096,359,82565,KOTA AMBON,21,2160,82565,32.0,2580.15625,Layanan Cukup,27.52166666666667,-4.478333333333332
240800,KAB. SIKKA,3670,1301,43,4303,35871,17809,10249,6875,553,80674,SIKKA,24,2408,80674,17.0,4745.529411764706,Layanan Cukup,26.891333333333332,9.891333333333332
70500,KAB. DAIRI,1647,2564,0,0,37563,19752,12408,6661,29,80624,DAIRI,70,7050,80624,35.0,2303.542857142857,Layanan Cukup,26.874666666666666,-8.125333333333334
76100,KOTA BINJAI,6312,1176,0,144,33449,19045,12265,7801,377,80569,KOTA BINJAI,76,7610,80569,39.0,2065.871794871795,Layanan Cukup,26.856333333333332,-12.143666666666668
71700,KAB. NIAS SELATAN,3224,6995,0,954,35430,16350,10857,6692,0,80502,NIAS SELATAN,71,7170,80502,26.0,3096.230769230769,Layanan Cukup,26.834,0.8339999999999996
96200,KOTA DUMAI,5594,384,153,84,40334,17045,7954,8250,482,80280,KOTA DUMAI,96,9620,80280,32.0,2508.75,Layanan Cukup,26.76,-5.239999999999998
76300,KOTA PEMATANGSIANTAR,3843,2131,26,73,27589,18405,17207,10638,138,80050,KOTA PEMATANGSIANTAR,76,7630,80050,39.0,2052.5641025641025,Layanan Cukup,26.683333333333334,-12.316666666666666
150200,KAB. TANAH LAUT,10766,1956,47,119,38498,15080,8901,3995,275,79637,TANAH LAUT,15,1502,79637,19.0,4191.421052631579,Layanan Cukup,26.545666666666666,7.545666666666666
100300,KAB. SAROLANGUN,6198,7172,89,540,36380,15410,8293,4572,111,78765,SAROLANGUN,10,1003,78765,14.0,5626.071428571428,Layanan Cukup,26.255,12.254999999999999
110900,KAB. OGAN KOMERING ULU SELATAN,3230,5539,15,28,39262,17081,10873,2652,68,78748,OGAN KOMERING ULU SELATAN,11,1109,78748,23.0,3423.8260869565215,Layanan Cukup,26.249333333333333,3.2493333333333325
72400,KAB. PADANG LAWAS,4944,2936,152,85,37797,17565,11375,3864,0,78718,PADANG LAWAS,72,7240,78718,13.0,6055.2307692307695,Layanan Cukup,26.239333333333335,13.239333333333335
290100,KAB. BANGKA,4749,2309,261,185,36372,17578,9867,5196,302,76819,BANGKA,29,2901,76819,18.0,4267.722222222223,Layanan Cukup,25.606333333333332,7.606333333333332
220300,KAB. TABANAN,8439,1276,54,18,36036,16694,6941,6975,340,76773,TABANAN,22,2203,76773,36.0,2132.5833333333335,Layanan Cukup,25.591,-10.408999999999999
100400,KAB. TANJUNG JABUNG BARAT,3581,4953,297,1158,37284,15574,10638,3010,161,76656,TANJUNG JABUNG BARAT,10,1004,76656,14.0,5475.428571428572,Layanan Cukup,25.552,11.552
190400,KAB. TAKALAR,9001,643,0,0,35078,15776,11570,3947,260,76275,TAKALAR,19,1904,76275,42.0,1816.0714285714287,Layanan Cukup,25.425,-16.575
80700,KAB. TANAH DATAR,5116,1265,127,1239,34143,17733,12143,3663,478,75907,TANAH DATAR,80,8070,75907,28.0,2710.964285714286,Layanan Cukup,25.302333333333333,-2.6976666666666667
200500,KAB. KONAWE SELATAN,7895,712,0,37,36996,16463,11400,2172,161,75836,KONAWE SELATAN,20,2005,75836,28.0,2708.4285714285716,Layanan Cukup,25.278666666666666,-2.721333333333334
71000,KAB. TAPANULI SELATAN,6424,989,0,0,36919,17356,9552,4518,73,75831,TAPANULI SELATAN,71,7100,75831,14.0,5416.5,Layanan Cukup,25.277,11.277000000000001
190200,KAB. PANGKAJENE DAN KEPULAUAN,2800,7762,7,30,36891,14942,8307,4747,150,75636,PANGKAJENE DAN KEPULAUAN,19,1902,75636,31.0,2439.8709677419356,Layanan Cukup,25.212,-5.788
146000,KOTA PALANGKA RAYA,7744,542,149,16,33363,15736,11996,5384,556,75486,KOTA PALANGKA RAYA,14,1460,75486,28.0,2695.9285714285716,Layanan Cukup,25.162,-2.838000000000001
160300,KAB. BERAU,5321,3645,173,431,37117,15586,8629,3862,242,75006,BERAU,16,1603,75006,16.0,4687.875,Layanan Cukup,25.002,9.001999999999999
72300,KAB. PADANG LAWAS UTARA,6825,2781,0,136,35974,16277,11295,1622,72,74982,PADANG LAWAS UTARA,72,7230,74982,2.0,37491.0,Layanan Cukup,24.994,22.994
80200,KAB. PASAMAN,5285,5092,160,29,34362,15622,9604,4457,286,74897,PASAMAN,80,8020,74897,24.0,3120.7083333333335,Layanan Cukup,24.965666666666667,0.9656666666666673
242000,KAB. MANGGARAI TIMUR,1982,5006,0,0,37156,16831,9735,3605,71,74386,MANGGARAI TIMUR,24,2420,74386,6.0,12397.666666666666,Layanan Cukup,24.795333333333332,18.795333333333332
191500,KAB. SIDENRENG RAPPANG,8985,2849,15,150,33457,16637,9010,3152,78,74333,SIDENRENG RAPPANG,19,1915,74333,28.0,2654.75,Layanan Cukup,24.777666666666665,-3.222333333333335
241200,KAB. SUMBA TIMUR,3021,4734,0,89,33898,16056,13248,2919,122,74087,SUMBA TIMUR,24,2412,74087,4.0,18521.75,Layanan Cukup,24.695666666666668,20.695666666666668
150900,KAB. KOTABARU,9262,1116,70,254,36109,15018,8957,2861,135,73782,KOTABARU,15,1509,73782,5.0,14756.4,Layanan Cukup,24.594,19.594
140500,KAB. KOTAWARINGIN BARAT,9232,1076,233,0,34571,15703,7499,5106,204,73624,KOTAWARINGIN BARAT,14,1405,73624,12.0,6135.333333333333,Layanan Cukup,24.541333333333334,12.541333333333334
380300,KAB. YAHUKIMO,806,921,0,425,57194,11631,2004,524,0,73505,YAHUKIMO,38,3803,73505,2.0,36752.5,Layanan Cukup,24.501666666666665,22.501666666666665
36400,KOTA PEKALONGAN,7533,2841,209,1857,30502,15271,6737,7996,376,73322,KOTA PEKALONGAN,36,3640,73322,39.0,1880.051282051282,Layanan Cukup,24.440666666666665,-14.559333333333335
160100,KAB. PASER,6716,1032,30,60,35802,15490,9020,4654,136,72940,PASER,16,1601,72940,4.0,18235.0,Layanan Cukup,24.313333333333333,20.313333333333333
192600,KAB. LUWU TIMUR,7485,219,0,0,35257,16133,11506,1816,99,72515,LUWU TIMUR,19,1926,72515,14.0,5179.642857142857,Layanan Cukup,24.171666666666667,10.171666666666667
180200,KAB. DONGGALA,7306,2964,0,198,35315,14965,8814,2698,44,72304,DONGGALA,18,1802,72304,20.0,3615.2,Layanan Cukup,24.101333333333333,4.101333333333333
156100,KOTA BANJARBARU,9076,1467,326,75,30485,15300,8991,6149,420,72289,KOTA BANJARBARU,15,1561,72289,29.0,2492.7241379310344,Layanan Cukup,24.096333333333334,-4.903666666666666
241600,KAB. MANGGARAI BARAT,1205,6226,66,0,34128,15133,8947,6463,96,72264,MANGGARAI BARAT,24,2416,72264,10.0,7226.4,Layanan Cukup,24.088,14.088000000000001
270500,KAB. HALMAHERA SELATAN,1756,8762,0,215,32091,15149,10981,1950,115,71019,HALMAHERA SELATAN,27,2705,71019,18.0,3945.5,Layanan Cukup,23.673,5.672999999999998
256000,KOTA JAYAPURA,3597,1392,10,108,33523,15940,10881,5131,319,70901,KOTA JAYAPURA,25,2560,70901,29.0,2444.862068965517,Layanan Cukup,23.633666666666667,-5.366333333333333
61400,KAB. ACEH TAMIANG,6246,778,52,61,32733,15856,11258,3309,332,70625,ACEH TAMIANG,61,6140,70625,33.0,2140.151515151515,Layanan Cukup,23.541666666666668,-9.458333333333332
150300,KAB. BARITO KUALA,8066,3103,93,10,32860,14102,9257,2119,83,69693,BARITO KUALA,15,1503,69693,12.0,5807.75,Layanan Cukup,23.231,11.231000000000002
72500,KAB. LABUHANBATU UTARA,2748,2439,0,154,38132,11552,8565,5894,107,69591,LABUHANBATU UTARA,72,7250,69591,29.0,2399.689655172414,Layanan Cukup,23.197,-5.803000000000001
330100,KAB. MAMUJU,5440,3010,40,18,34221,14283,8548,3881,132,69573,MAMUJU,33,3301,69573,33.0,2108.2727272727275,Layanan Cukup,23.191,-9.809000000000001
240400,KAB. TIMOR TENGAH UTARA,908,7023,0,68,32548,15256,9384,4184,177,69548,TIMOR TENGAH UTARA,24,2404,69548,10.0,6954.8,Layanan Cukup,23.182666666666666,13.182666666666666
240900,KAB. ENDE,3295,2509,0,35,31392,16022,9619,6379,165,69416,ENDE,24,2409,69416,16.0,4338.5,Layanan Cukup,23.138666666666666,7.138666666666666
370100,KAB. MERAUKE,5200,1197,0,82,35574,14011,8738,4299,163,69264,MERAUKE,37,3701,69264,10.0,6926.4,Layanan Cukup,23.088,13.088000000000001
36500,KOTA TEGAL,5146,1777,100,1788,27236,15647,8060,9100,394,69248,KOTA TEGAL,36,3650,69248,31.0,2233.8064516129034,Layanan Cukup,23.082666666666668,-7.917333333333332
360400,KAB. MIMIKA,5632,0,0,0,37237,14185,6139,5616,152,68961,MIMIKA,36,3604,68961,19.0,3629.5263157894738,Layanan Cukup,22.987,3.9869999999999983
121200,KAB. TULANG BAWANG BARAT,6379,1419,224,0,30809,16293,8638,4921,127,68810,TULANG BAWANG BARAT,12,1212,68810,41.0,1678.2926829268292,Layanan Cukup,22.936666666666667,-18.063333333333333
192400,KAB. LUWU UTARA,7468,75,0,0,32857,14207,10118,3360,108,68193,LUWU UTARA,19,1924,68193,16.0,4262.0625,Layanan Cukup,22.731,6.731000000000002
260100,KAB. BENGKULU UTARA,5628,2651,0,0,32557,14355,8288,4384,95,67958,BENGKULU UTARA,26,2601,67958,27.0,2516.962962962963,Layanan Cukup,22.652666666666665,-4.347333333333335
130200,KAB. MEMPAWAH,2776,4311,61,204,32381,15857,9642,2524,101,67857,MEMPAWAH,13,1302,67857,32.0,2120.53125,Layanan Cukup,22.619,-9.381
120400,KAB. LAMPUNG BARAT,5805,1080,36,209,33356,14354,9026,3798,0,67664,LAMPUNG BARAT,12,1204,67664,29.0,2333.2413793103447,Layanan Cukup,22.554666666666666,-6.445333333333334
60800,KAB. ACEH TENGGARA,5521,5563,192,8,28803,14395,10145,2610,101,67338,ACEH TENGGARA,60,6080,67338,47.0,1432.723404255319,Layanan Cukup,22.446,-24.554
80300,KAB. LIMA PULUH KOTA,6054,1039,14,38,34848,12959,7973,3969,440,67334,LIMA PULUH KOTA,80,8030,67334,17.0,3960.823529411765,Layanan Cukup,22.444666666666667,5.4446666666666665
200200,KAB. MUNA,7214,2863,0,13,27391,13543,10041,4006,588,65659,MUNA,20,2002,65659,28.0,2344.964285714286,Layanan Cukup,21.886333333333333,-6.113666666666667
240700,KAB. FLORES TIMUR,7387,1136,13,149,29382,14378,9208,3561,207,65421,FLORES TIMUR,24,2407,65421,9.0,7269.0,Layanan Cukup,21.807,12.806999999999999
150800,KAB. TABALONG,9100,1238,354,0,28931,13349,5909,6207,153,65241,TABALONG,15,1508,65241,19.0,3433.7368421052633,Layanan Cukup,21.747,2.747
116200,KOTA LUBUK LINGGAU,3402,1524,12,201,28044,14755,11272,4661,173,64044,KOTA LUBUK LINGGAU,11,1162,64044,33.0,1940.7272727272727,Layanan Cukup,21.348,-11.652000000000001
130800,KAB. BENGKAYANG,1778,2877,0,197,32549,14594,8547,3373,118,64033,BENGKAYANG,13,1308,64033,22.0,2910.590909090909,Layanan Cukup,21.344333333333335,-0.6556666666666651
126100,KOTA METRO,5324,1377,135,0,20387,14514,11943,9455,315,63450,KOTA METRO,12,1261,63450,34.0,1866.1764705882354,Layanan Cukup,21.15,-12.850000000000001
200100,KAB. KONAWE,6452,2378,0,0,29644,12691,9956,1842,215,63178,KONAWE,20,2001,63178,24.0,2632.4166666666665,Layanan Cukup,21.059333333333335,-2.940666666666665
192700,KAB. TORAJA UTARA,4004,265,0,12,28929,14593,7146,7802,61,62812,TORAJA UTARA,19,1927,62812,19.0,3305.8947368421054,Layanan Cukup,20.937333333333335,1.937333333333335
230800,KAB. LOMBOK UTARA,6912,2374,36,0,29948,12812,7620,2893,135,62730,LOMBOK UTARA,23,2308,62730,35.0,1792.2857142857142,Layanan Cukup,20.91,-14.09
100100,KAB. BATANGHARI,6142,4517,107,278,31069,10353,6831,2815,163,62275,BATANGHARI,10,1001,62275,13.0,4790.384615384615,Layanan Cukup,20.758333333333333,7.758333333333333
56700,KOTA PROBOLINGGO,7887,1974,163,10,23518,13622,7398,7379,263,62214,KOTA PROBOLINGGO,56,5670,62214,30.0,2073.8,Layanan Cukup,20.738,-9.262
191200,KAB. SINJAI,5109,6530,32,13,25940,12488,10078,1577,115,61882,SINJAI,19,1912,61882,27.0,2291.925925925926,Layanan Cukup,20.627333333333333,-6.372666666666667
200400,KAB. KOLAKA,6676,531,0,95,28529,13415,8508,3544,272,61570,KOLAKA,20,2004,61570,18.0,3420.5555555555557,Layanan Cukup,20.523333333333333,2.5233333333333334
240600,KAB. ALOR,2649,4646,0,144,29092,13352,8856,2389,189,61317,ALOR,24,2406,61317,9.0,6813.0,Layanan Cukup,20.439,11.439
220200,KAB. JEMBRANA,5780,462,16,15,26903,14385,8706,4747,197,61211,JEMBRANA,22,2202,61211,26.0,2354.269230769231,Layanan Cukup,20.403666666666666,-5.596333333333334
136100,KOTA SINGKAWANG,3390,762,64,0,28074,14297,8101,5946,363,60997,KOTA SINGKAWANG,13,1361,60997,30.0,2033.2333333333333,Layanan Cukup,20.332333333333334,-9.667666666666666
60700,KAB. ACEH SELATAN,6274,5225,8,156,24309,13491,9319,1519,87,60388,ACEH SELATAN,60,6070,60388,31.0,1948.0,Layanan Cukup,20.129333333333335,-10.870666666666665
130500,KAB. KAPUAS HULU,1758,4498,0,0,30218,13617,8440,1754,67,60352,KAPUAS HULU,13,1305,60352,14.0,4310.857142857143,Layanan Cukup,20.117333333333335,6.117333333333335
72600,KAB. LABUHANBATU SELATAN,3531,2136,0,0,33405,9354,6102,5599,0,60127,LABUHANBATU SELATAN,72,7260,60127,20.0,3006.35,Layanan Cukup,20.042333333333332,0.04233333333333178
260200,KAB. REJANG LEBONG,3200,2023,23,785,28410,13546,7507,4440,171,60105,REJANG LEBONG,26,2602,60105,9.0,6678.333333333333,Layanan Cukup,20.035,11.035
210500,KAB. SERAM BAGIAN BARAT,4263,5139,0,18,27028,12645,9437,1353,88,59971,SERAM BAGIAN BARAT,21,2105,59971,15.0,3998.0666666666666,Layanan Cukup,19.990333333333332,4.990333333333332
310200,KAB. KARIMUN,3489,1539,12,376,28691,13292,8664,3201,412,59676,KARIMUN,31,3102,59676,29.0,2057.793103448276,Layanan Cukup,19.892,-9.108
80800,KAB. SIJUNJUNG,5394,4306,41,0,27034,12233,6313,3793,304,59418,SIJUNJUNG,80,8080,59418,23.0,2583.391304347826,Layanan Cukup,19.806,-3.193999999999999
191800,KAB. TANA TORAJA,3243,2407,9,18,25887,13681,7205,6766,136,59352,TANA TORAJA,19,1918,59352,14.0,4239.428571428572,Layanan Cukup,19.784,5.783999999999999
81200,KAB. DHARMASRAYA,6236,2060,62,255,27680,12204,6866,3327,180,58870,DHARMASRAYA,81,8120,58870,16.0,3679.375,Layanan Cukup,19.623333333333335,3.623333333333335
100500,KAB. KERINCI,4756,7930,28,827,24929,10997,7019,1951,159,58596,KERINCI,10,1005,58596,23.0,2547.6521739130435,Layanan Cukup,19.532,-3.468
240500,KAB. BELU,1434,5689,0,518,26168,11843,7628,4183,173,57636,BELU,24,2405,57636,9.0,6404.0,Layanan Cukup,19.212,10.212
71900,KAB. HUMBANG HASUNDUTAN,1084,4105,61,0,24890,13570,8802,4851,77,57440,HUMBANG HASUNDUTAN,71,7190,57440,24.0,2393.3333333333335,Layanan Cukup,19.14666666666667,-4.853333333333332
270400,KAB. HALMAHERA UTARA,2678,4689,0,1195,23530,11972,8134,4206,93,56497,HALMAHERA UTARA,27,2704,56497,20.0,2824.85,Layanan Cukup,18.832333333333334,-1.1676666666666655
181000,KAB. SIGI,6047,2052,11,114,27310,11614,7393,1559,153,56253,SIGI,18,1810,56253,20.0,2812.65,Layanan Cukup,18.751,-1.2489999999999988
346000,KOTA TARAKAN,3825,1291,102,138,26972,12000,7007,4238,269,55842,KOTA TARAKAN,34,3460,55842,24.0,2326.75,Layanan Cukup,18.614,-5.385999999999999
60500,KAB. ACEH TENGAH,6327,934,223,0,27139,11349,6956,2283,439,55650,ACEH TENGAH,60,6050,55650,23.0,2419.5652173913045,Layanan Cukup,18.55,-4.449999999999999
71600,KAB. TOBA,1674,3041,0,0,23813,12767,9096,5136,70,55597,TOBA,71,7160,55597,23.0,2417.2608695652175,Layanan Cukup,18.532333333333334,-4.467666666666666
170200,KAB. MINAHASA,4754,985,72,247,26553,11568,7075,3781,99,55134,MINAHASA,17,1702,55134,27.0,2042.0,Layanan Cukup,18.378,-8.622
36200,KOTA SALATIGA,5796,1353,167,482,19310,12381,6206,8579,534,54808,KOTA SALATIGA,36,3620,54808,28.0,1957.4285714285713,Layanan Cukup,18.269333333333332,-9.730666666666668
56200,KOTA MADIUN,5234,1250,90,287,19808,10973,8130,8575,294,54641,KOTA MADIUN,56,5620,54641,27.0,2023.7407407407406,Layanan Cukup,18.213666666666665,-8.786333333333335
56600,KOTA PASURUAN,6928,1230,138,1081,21047,11407,6131,6210,390,54562,KOTA PASURUAN,56,5660,54562,23.0,2372.2608695652175,Layanan Cukup,18.187333333333335,-4.812666666666665
180700,KAB. MOROWALI,7693,3448,0,303,26005,9128,5087,2250,95,54009,MOROWALI,18,1807,54009,12.0,4500.75,Layanan Cukup,18.003,6.003
150600,KAB. HULU SUNGAI TENGAH,7075,1342,85,416,24701,10741,7316,2110,145,53931,HULU SUNGAI TENGAH,15,1506,53931,16.0,3370.6875,Layanan Cukup,17.977,1.9770000000000003
100800,KAB. TANJUNG JABUNG TIMUR,2536,5523,50,135,25619,10869,7298,1491,134,53655,TANJUNG JABUNG TIMUR,10,1008,53655,11.0,4877.727272727273,Layanan Cukup,17.885,6.885000000000002
111200,KAB. PENUKAL ABAB LEMATANG ILIR,2138,2543,0,53,25197,12007,7722,3570,95,53325,PENUKAL ABAB LEMATANG ILIR,11,1112,53325,10.0,5332.5,Layanan Cukup,17.775,7.774999999999999
180600,KAB. TOLITOLI,4352,2067,0,0,26144,10678,7083,2799,81,53204,TOLI TOLI,18,1806,53204,21.0,2533.5238095238096,Layanan Cukup,17.734666666666666,-3.2653333333333343
56500,KOTA BLITAR,5041,1348,122,449,15913,11588,6804,11326,460,53051,KOTA BLITAR,56,5650,53051,31.0,1711.3225806451612,Layanan Cukup,17.683666666666667,-13.316333333333333
296000,KOTA PANGKAL PINANG,3712,234,306,265,25052,11357,5606,5338,487,52357,KOTA PANGKAL PINANG,29,2960,52357,19.0,2755.6315789473683,Layanan Cukup,17.452333333333332,-1.547666666666668
116100,KOTA PRABUMULIH,2968,1376,5,163,23318,11889,7106,5312,188,52325,KOTA PRABUMULIH,11,1161,52325,12.0,4360.416666666667,Layanan Cukup,17.441666666666666,5.441666666666666
242200,KAB. MALAKA,458,7175,0,0,24942,10970,7381,1317,59,52302,MALAKA,24,2422,52302,13.0,4023.230769230769,Layanan Cukup,17.434,4.434000000000001
191600,KAB. ENREKANG,4990,1288,68,0,22882,12016,8695,2278,54,52271,ENREKANG,19,1916,52271,13.0,4020.846153846154,Layanan Cukup,17.423666666666666,4.423666666666666
121100,KAB. MESUJI,6364,1171,0,171,26241,10629,3853,3709,66,52204,MESUJI,12,1211,52204,34.0,1535.4117647058824,Layanan Cukup,17.401333333333334,-16.598666666666666
330500,KAB. MAJENE,6836,2313,115,27,22115,9994,5621,4223,399,51643,MAJENE,33,3305,51643,26.0,1986.2692307692307,Layanan Cukup,17.214333333333332,-8.785666666666668
320500,KAB. MANOKWARI,3240,1034,47,0,25712,11145,7059,3140,71,51448,MANOKWARI,32,3205,51448,24.0,2143.6666666666665,Layanan Cukup,17.149333333333335,-6.850666666666665
390600,KOTA SORONG,2829,609,0,12,24999,10939,7130,4618,181,51317,KOTA SORONG,39,3906,51317,17.0,3018.6470588235293,Layanan Cukup,17.105666666666668,0.10566666666666791
66200,KOTA LHOKSEUMAWE,4612,742,58,0,22289,11681,6657,4607,294,50940,KOTA LHOKSEUMAWE,66,6620,50940,26.0,1959.2307692307693,Layanan Cukup,16.98,-9.02
26900,KOTA BANJAR,2758,1025,24,5114,17871,10352,5062,8241,364,50811,KOTA BANJAR,26,2690,50811,34.0,1494.4411764705883,Layanan Cukup,16.937,-17.063
56800,KOTA BATU,6202,1107,83,845,19414,11397,6848,4643,192,50731,KOTA BATU,56,5680,50731,25.0,2029.24,Layanan Cukup,16.910333333333334,-8.089666666666666
150700,KAB. HULU SUNGAI UTARA,6615,2521,21,0,22752,9493,5908,3049,131,50490,HULU SUNGAI UTARA,15,1507,50490,17.0,2970.0,Layanan Cukup,16.83,-0.1700000000000017
306000,KOTA GORONTALO,4852,515,67,56,20521,10678,8051,5085,222,50047,KOTA GORONTALO,30,3060,50047,20.0,2502.35,Layanan Cukup,16.682333333333332,-3.3176666666666677
150500,KAB. HULU SUNGAI SELATAN,6171,2908,93,142,21429,10558,6010,2349,232,49892,HULU SUNGAI SELATAN,15,1505,49892,21.0,2375.809523809524,Layanan Cukup,16.630666666666666,-4.3693333333333335
111100,KAB. EMPAT LAWANG,2238,1743,0,76,25507,10902,7232,2113,44,49855,EMPAT LAWANG,11,1111,49855,23.0,2167.608695652174,Layanan Cukup,16.618333333333332,-6.381666666666668
340500,KAB. NUNUKAN,2152,3765,86,94,24398,10287,6748,2235,89,49854,NUNUKAN,34,3405,49854,14.0,3561.0,Layanan Cukup,16.618,2.6179999999999986
60600,KAB. ACEH BARAT,4740,1105,20,22,22110,11571,7198,2658,188,49612,ACEH BARAT,60,6060,49612,17.0,2918.3529411764707,Layanan Cukup,16.537333333333333,-0.4626666666666672
76200,KOTA TEBING TINGGI,2976,1217,0,112,19294,11717,7970,5791,250,49327,KOTA TEBING TINGGI,76,7620,49327,25.0,1973.08,Layanan Cukup,16.442333333333334,-8.557666666666666
86500,KOTA PAYAKUMBUH,3337,1838,173,0,17150,10940,9473,5864,451,49226,KOTA PAYAKUMBUH,86,8650,49226,24.0,2051.0833333333335,Layanan Cukup,16.408666666666665,-7.591333333333335
290400,KAB. BANGKA BARAT,2284,3837,121,165,23649,10648,5720,2684,86,49194,BANGKA BARAT,29,2904,49194,16.0,3074.625,Layanan Cukup,16.398,0.3979999999999997
180300,KAB. POSO,5295,780,0,253,22297,10319,7120,3017,99,49180,POSO,18,1803,49180,23.0,2138.2608695652175,Layanan Cukup,16.393333333333334,-6.606666666666666
276000,KOTA TERNATE,3346,83,0,0,21861,11132,9476,3012,260,49170,KOTA TERNATE,27,2760,49170,21.0,2341.4285714285716,Layanan Cukup,16.39,-4.609999999999999
250100,KAB. JAYAPURA,2325,3067,0,151,23167,10624,6975,2738,0,49047,JAYAPURA,25,2501,49047,23.0,2132.478260869565,Layanan Cukup,16.349,-6.651
360100,KAB. NABIRE,3894,308,0,195,24437,10059,6508,3289,298,48988,NABIRE,36,3601,48988,14.0,3499.1428571428573,Layanan Cukup,16.329333333333334,2.3293333333333344
316100,KOTA TANJUNG PINANG,1745,993,209,270,21666,11414,6464,5525,420,48706,KOTA TANJUNG PINANG,31,3161,48706,21.0,2319.3333333333335,Layanan Cukup,16.235333333333333,-4.764666666666667
290300,KAB. BANGKA TENGAH,3079,1402,144,709,22843,11075,6143,3127,137,48659,BANGKA TENGAH,29,2903,48659,15.0,3243.9333333333334,Layanan Cukup,16.219666666666665,1.2196666666666651
131000,KAB. SEKADAU,1257,3149,22,22,24354,10684,5711,2761,55,48015,SEKADAU,13,1310,48015,14.0,3429.6428571428573,Layanan Cukup,16.005,2.004999999999999
360300,KAB. PANIAI,12052,0,0,144,26594,5574,2276,1134,0,47774,PANIAI,36,3603,47774,0.0,0.0,Layanan Cukup,15.924666666666667,15.924666666666667
76600,KOTA PADANG SIDEMPUAN,1985,598,198,22,21993,9245,7114,6295,144,47594,KOTA PADANG SIDEMPUAN,76,7660,47594,15.0,3172.9333333333334,Layanan Cukup,15.864666666666666,0.8646666666666665
160900,KAB. KUTAI BARAT,4365,851,0,0,23692,10481,4745,3134,130,47398,KUTAI BARAT,16,1609,47398,3.0,15799.333333333334,Layanan Cukup,15.799333333333333,12.799333333333333
166300,KOTA BONTANG,4738,1091,424,1551,20033,9841,4953,4281,273,47185,KOTA BONTANG,16,1663,47185,20.0,2359.25,Layanan Cukup,15.728333333333333,-4.2716666666666665
131100,KAB. MELAWI,1521,3021,17,0,23258,10836,6104,2341,71,47169,MELAWI,13,1311,47169,19.0,2482.5789473684213,Layanan Cukup,15.723,-3.2769999999999992
161100,KAB. PENAJAM PASER UTARA,3264,2006,243,135,22178,9807,4862,4517,119,47131,PENAJAM PASER UTARA,16,1611,47131,11.0,4284.636363636364,Layanan Cukup,15.710333333333333,4.710333333333333
76400,KOTA TANJUNG BALAI,2882,1309,0,0,21531,10782,8022,2134,111,46771,KOTA TANJUNG BALAI,76,7640,46771,18.0,2598.3888888888887,Layanan Cukup,15.590333333333334,-2.4096666666666664
380100,KAB. JAYAWIJAYA,2153,2293,0,770,25732,8571,4673,2550,0,46742,JAYAWIJAYA,38,3801,46742,4.0,11685.5,Layanan Cukup,15.580666666666668,11.580666666666668
220700,KAB. BANGLI,3387,689,0,16,21223,11138,4275,5717,166,46611,BANGLI,22,2207,46611,12.0,3884.25,Layanan Cukup,15.537,3.537000000000001
61900,KAB. BENER MERIAH,5832,1538,775,85,22628,8801,5465,1210,238,46572,BENER MERIAH,61,6190,46572,15.0,3104.8,Layanan Cukup,15.524,0.5239999999999991
191000,KAB. BANTAENG,4685,1810,49,0,20897,10077,6209,2627,89,46443,BANTAENG,19,1910,46443,26.0,1786.2692307692307,Layanan Cukup,15.481,-10.519
290500,KAB. BANGKA SELATAN,3465,717,168,16,23379,10343,5688,2489,106,46371,BANGKA SELATAN,29,2905,46371,9.0,5152.333333333333,Layanan Cukup,15.457,6.457000000000001
236100,KOTA BIMA,5025,2242,0,588,18036,9367,7224,3299,284,46065,KOTA BIMA,23,2361,46065,25.0,1842.6,Layanan Cukup,15.355,-9.645
66300,KOTA LANGSA,2662,3261,145,0,19313,10123,6375,3608,305,45792,KOTA LANGSA,66,6630,45792,27.0,1696.0,Layanan Cukup,15.264,-11.736
111300,KAB. MUSI RAWAS UTARA,3091,2256,0,0,23732,9487,6456,727,42,45791,MUSI RAWAS UTARA,11,1113,45791,19.0,2410.0526315789475,Layanan Cukup,15.263666666666667,-3.7363333333333326
170600,KAB. MINAHASA UTARA,3493,1621,0,0,22314,9264,5698,3106,122,45618,MINAHASA UTARA,17,1706,45618,13.0,3509.076923076923,Layanan Cukup,15.206,2.2059999999999995
91500,KAB. KEPULAUAN MERANTI,3574,2799,77,15,21224,9622,6512,1506,177,45506,KEPULAUAN MERANTI,91,9150,45506,22.0,2068.4545454545455,Layanan Cukup,15.168666666666667,-6.831333333333333
190900,KAB. SOPPENG,4142,1870,83,27,18948,10317,6324,3067,206,44984,SOPPENG,19,1909,44984,17.0,2646.1176470588234,Layanan Cukup,14.994666666666667,-2.0053333333333327
170100,KAB. BOLAANG MONGONDOW,4242,975,34,320,23160,9433,4272,2405,67,44908,BOLAANG MONGONDOW,17,1701,44908,11.0,4082.5454545454545,Layanan Cukup,14.969333333333333,3.969333333333333
86000,KOTA BUKITTINGGI,3402,547,417,169,16931,8678,8399,5715,449,44707,KOTA BUKITTINGGI,86,8600,44707,15.0,2980.4666666666667,Layanan Cukup,14.902333333333333,-0.09766666666666701
190600,KAB. BARRU,4200,2598,0,95,18714,10162,6380,2487,64,44700,BARRU,19,1906,44700,22.0,2031.8181818181818,Layanan Cukup,14.9,-7.1
62000,KAB. PIDIE JAYA,3941,1696,7,0,18336,9972,8784,1618,185,44539,PIDIE JAYA,62,6200,44539,18.0,2474.3888888888887,Layanan Cukup,14.846333333333334,-3.153666666666666
36000,KOTA MAGELANG,3553,1023,48,453,12861,11071,7180,7702,431,44322,KOTA MAGELANG,36,3600,44322,19.0,2332.7368421052633,Layanan Cukup,14.774,-4.226000000000001
176100,KOTA BITUNG,3144,197,0,0,21546,9232,4765,4895,376,44155,KOTA BITUNG,17,1761,44155,10.0,4415.5,Layanan Cukup,14.718333333333334,4.718333333333334
196200,KOTA PALOPO,3529,223,3,0,19218,10189,6569,4191,176,44098,KOTA PALOPO,19,1962,44098,13.0,3392.153846153846,Layanan Cukup,14.699333333333334,1.6993333333333336
81100,KAB. SOLOK SELATAN,3960,625,0,364,21033,9102,6011,1768,143,43006,SOLOK SELATAN,81,8110,43006,14.0,3071.8571428571427,Layanan Cukup,14.335333333333333,0.3353333333333328
340200,KAB. BULUNGAN,2756,2929,194,0,20244,8696,5017,2905,168,42909,BULUNGAN,34,3402,42909,14.0,3064.9285714285716,Layanan Cukup,14.303,0.3030000000000008
56400,KOTA MOJOKERTO,4187,1133,66,194,15541,8675,5667,6559,246,42268,KOTA MOJOKERTO,56,5640,42268,18.0,2348.222222222222,Layanan Cukup,14.089333333333334,-3.910666666666666
150400,KAB. TAPIN,6055,1536,58,0,20227,7895,3967,2185,195,42118,TAPIN,15,1504,42118,15.0,2807.866666666667,Layanan Cukup,14.039333333333333,-0.9606666666666666
260800,KAB. SELUMA,4098,457,61,166,20730,9327,5158,2030,68,42095,SELUMA,26,2608,42095,10.0,4209.5,Layanan Cukup,14.031666666666666,4.031666666666666
140600,KAB. KATINGAN,4284,1028,20,149,20343,9022,5082,1764,114,41806,KATINGAN,14,1406,41806,6.0,6967.666666666667,Layanan Cukup,13.935333333333332,7.9353333333333325
310100,KAB. BINTAN,2368,1908,15,722,18568,9823,4916,3157,157,41634,BINTAN,31,3101,41634,18.0,2313.0,Layanan Cukup,13.878,-4.122
260300,KAB. BENGKULU SELATAN,3125,3413,63,0,17358,8622,7172,1684,147,41584,BENGKULU SELATAN,26,2603,41584,9.0,4620.444444444444,Layanan Cukup,13.861333333333333,4.861333333333333
260400,KAB. MUKOMUKO,5727,306,0,0,20942,7537,5047,1723,82,41364,MUKO MUKO,26,2604,41364,10.0,4136.4,Layanan Cukup,13.788,3.7880000000000003
220600,KAB. KLUNGKUNG,4498,343,30,169,17139,8840,6222,3910,153,41304,KLUNGKUNG,22,2206,41304,12.0,3442.0,Layanan Cukup,13.768,1.7680000000000007
250200,KAB. BIAK NUMFOR,979,1455,30,1072,19481,9509,6235,2289,92,41142,BIAK NUMFOR,25,2502,41142,9.0,4571.333333333333,Layanan Cukup,13.714,4.714
330200,KAB. PASANGKAYU,4278,373,3,0,20325,8652,4882,2288,60,40861,PASANGKAYU,33,3302,40861,23.0,1776.5652173913043,Layanan Cukup,13.620333333333333,-9.379666666666667
76700,KOTA GUNUNGSITOLI,1973,1566,0,549,16777,9231,5831,4515,196,40638,KOTA GUNUNGSITOLI,76,7670,40638,17.0,2390.470588235294,Layanan Cukup,13.546,-3.4540000000000006
61500,KAB. NAGAN RAYA,2612,3522,0,124,20383,8284,4830,780,103,40638,NAGAN RAYA,61,6150,40638,14.0,2902.714285714286,Layanan Cukup,13.546,-0.4540000000000006
370300,KAB. MAPPI,1167,427,0,0,26524,7491,3245,1527,0,40381,MAPPI,37,3703,40381,1.0,40381.0,Layanan Cukup,13.460333333333333,12.460333333333333
230700,KAB. SUMBAWA BARAT,5118,1360,64,475,17950,8465,4913,1960,65,40370,SUMBAWA BARAT,23,2307,40370,15.0,2691.3333333333335,Layanan Cukup,13.456666666666667,-1.543333333333333
241300,KAB. SUMBA BARAT,2003,3850,0,0,16860,8417,6668,2369,123,40290,SUMBA BARAT,24,2413,40290,3.0,13430.0,Layanan Cukup,13.43,10.43
121300,KAB. PESISIR BARAT,3163,625,0,0,19936,8927,5617,1938,38,40244,PESISIR BARAT,12,1213,40244,14.0,2874.5714285714284,Layanan Cukup,13.414666666666667,-0.5853333333333328
200700,KAB. BOMBANA,4838,206,0,0,19307,8278,6113,1353,43,40138,BOMBANA,20,2007,40138,18.0,2229.8888888888887,Layanan Cukup,13.379333333333333,-4.620666666666667
210300,KAB. BURU,2757,3562,0,324,17991,8085,5283,2040,63,40105,BURU,21,2103,40105,8.0,5013.125,Layanan Cukup,13.368333333333334,5.368333333333334
140700,KAB. SERUYAN,4682,963,124,131,20881,8329,3167,1638,44,39959,SERUYAN,14,1407,39959,5.0,7991.8,Layanan Cukup,13.319666666666667,8.319666666666667
170500,KAB. MINAHASA SELATAN,3187,1238,0,188,18379,8477,4847,3155,74,39545,MINAHASA SELATAN,17,1705,39545,12.0,3295.4166666666665,Layanan Cukup,13.181666666666667,1.1816666666666666
241500,KAB. ROTE NDAO,1680,2865,35,0,17932,8586,7265,1023,131,39517,ROTE NDAO,24,2415,39517,7.0,5645.285714285715,Layanan Cukup,13.172333333333333,6.172333333333333
180500,KAB. BUOL,4997,268,0,0,19038,7829,4973,2040,86,39231,BUOL,18,1805,39231,9.0,4359.0,Layanan Cukup,13.077,4.077
241000,KAB. NGADA,2553,952,0,0,17090,9066,7305,2053,97,39116,NGADA,24,2410,39116,9.0,4346.222222222223,Layanan Cukup,13.038666666666666,4.038666666666666
290200,KAB. BELITUNG,2982,1049,89,0,18461,8633,3912,3808,159,39093,BELITUNG,29,2902,39093,13.0,3007.153846153846,Layanan Cukup,13.031,0.031000000000000583
206100,KOTA BAU BAU,3321,714,13,0,16960,7796,5896,3415,268,38383,KOTA BAU BAU,20,2061,38383,21.0,1827.7619047619048,Layanan Cukup,12.794333333333332,-8.205666666666668
300400,KAB. BONE BOLANGO,4613,3489,0,466,16069,7247,4415,1775,129,38203,BONE BOLANGO,30,3004,38203,14.0,2728.785714285714,Layanan Cukup,12.734333333333334,-1.2656666666666663
61300,KAB. ACEH SINGKIL,4799,438,202,0,18046,8255,5426,942,69,38177,ACEH SINGKIL,61,6130,38177,17.0,2245.705882352941,Layanan Cukup,12.725666666666667,-4.274333333333333
241700,KAB. NAGEKEO,3513,502,0,17,17139,8720,6343,1677,62,37973,NAGEKEO,24,2417,37973,9.0,4219.222222222223,Layanan Cukup,12.657666666666668,3.6576666666666675
330400,KAB. MAMASA,3859,3014,0,0,16194,7679,4009,3122,52,37929,MAMASA,33,3304,37929,16.0,2370.5625,Layanan Cukup,12.643,-3.3569999999999993
71100,KAB. NIAS,493,1756,0,523,17593,9075,4439,4047,0,37926,NIAS,71,7110,37926,13.0,2917.3846153846152,Layanan Cukup,12.642,-0.35800000000000054
196100,KOTA PAREPARE,3544,86,30,0,17376,8196,5466,3081,122,37901,KOTA PAREPARE,19,1961,37901,20.0,1895.05,Layanan Cukup,12.633666666666667,-7.366333333333333
61700,KAB. ACEH BARAT DAYA,4077,3197,134,175,16343,7588,5137,1110,119,37880,ACEH BARAT DAYA,61,6170,37880,16.0,2367.5,Layanan Cukup,12.626666666666667,-3.373333333333333
300300,KAB. POHUWATO,4887,2745,0,251,17302,6655,4090,1528,82,37540,POHUWATO,30,3003,37540,7.0,5362.857142857143,Layanan Cukup,12.513333333333334,5.513333333333334
72000,KAB. SAMOSIR,953,2270,104,0,16518,9405,6213,2030,0,37493,SAMOSIR,72,7200,37493,8.0,4686.625,Layanan Cukup,12.497666666666667,4.497666666666667
116300,KOTA PAGAR ALAM,3022,1045,75,40,16398,8131,6103,2372,127,37313,KOTA PAGAR ALAM,11,1163,37313,14.0,2665.214285714286,Layanan Cukup,12.437666666666667,-1.5623333333333331
210600,KAB. SERAM BAGIAN TIMUR,4254,1233,0,0,17817,7460,5172,1130,0,37066,SERAM BAGIAN TIMUR,21,2106,37066,6.0,6177.666666666667,Layanan Cukup,12.355333333333334,6.355333333333334
72800,KAB. NIAS UTARA,910,3140,41,154,15449,8094,5152,3189,0,36129,NIAS UTARA,72,7280,36129,14.0,2580.6428571428573,Layanan Cukup,12.043,-1.9570000000000007
241400,KAB. LEMBATA,3504,660,32,23,15573,8413,5381,1917,98,35601,LEMBATA,24,2414,35601,4.0,8900.25,Layanan Cukup,11.867,7.867000000000001
140300,KAB. BARITO UTARA,3943,862,151,202,16341,7233,4765,1634,95,35226,BARITO UTARA,14,1403,35226,5.0,7045.2,Layanan Cukup,11.742,6.742000000000001
180900,KAB. TOJO UNA UNA,3323,2525,0,29,17171,6220,3333,2182,48,34831,TOJO UNA UNA,18,1809,34831,14.0,2487.9285714285716,Layanan Cukup,11.610333333333333,-2.389666666666667
141100,KAB. PULANG PISAU,4713,840,0,0,16390,6928,4889,656,52,34468,PULANG PISAU,14,1411,34468,3.0,11489.333333333334,Layanan Cukup,11.489333333333333,8.489333333333333
300100,KAB. BOALEMO,3924,3105,0,36,14903,6313,4257,1479,157,34174,BOALEMO,30,3001,34174,6.0,5695.666666666667,Layanan Cukup,11.391333333333334,5.391333333333334
330600,KAB. MAMUJU TENGAH,3751,1997,0,0,16374,6348,4291,1206,86,34053,MAMUJU TENGAH,33,3306,34053,16.0,2128.3125,Layanan Cukup,11.351,-4.648999999999999
360800,KAB. DEIYAI,1401,1666,0,309,23597,4069,2051,592,0,33685,DEIYAI,36,3608,33685,1.0,33685.0,Layanan Cukup,11.228333333333333,10.228333333333333
200300,KAB. BUTON,4518,584,0,29,15178,6848,5646,849,26,33678,BUTON,20,2003,33678,11.0,3061.6363636363635,Layanan Cukup,11.226,0.22600000000000087
141000,KAB. GUNUNG MAS,3960,455,0,105,17424,6934,3990,643,33,33544,GUNUNG MAS,14,1410,33544,3.0,11181.333333333334,Layanan Cukup,11.181333333333333,8.181333333333333
210400,KAB. KEPULAUAN TANIMBAR,2582,682,0,45,14989,7814,5374,1394,57,32937,KEPULAUAN TANIMBAR,21,2104,32937,2.0,16468.5,Layanan Cukup,10.979,8.979
370400,KAB. ASMAT,1285,1167,0,375,23245,4396,2074,259,0,32801,ASMAT,37,3704,32801,4.0,8200.25,Layanan Cukup,10.933666666666667,6.933666666666667
201600,KAB. BUTON TENGAH,4299,0,0,0,14748,6689,5283,1361,43,32423,BUTON TENGAH,20,2016,32423,15.0,2161.5333333333333,Layanan Cukup,10.807666666666666,-4.192333333333334
200800,KAB. KOLAKA UTARA,4484,60,0,0,15744,6463,4161,1444,15,32371,KOLAKA UTARA,20,2008,32371,12.0,2697.5833333333335,Layanan Cukup,10.790333333333333,-1.2096666666666671
181200,KAB. MOROWALI UTARA,4157,1830,0,5,14852,6091,3516,1697,18,32166,MOROWALI UTARA,18,1812,32166,2.0,16083.0,Layanan Cukup,10.722,8.722
390400,KAB. SORONG,2559,320,0,14,15538,7331,4141,2109,40,32052,SORONG,39,3904,32052,6.0,5342.0,Layanan Cukup,10.684,4.683999999999999
141200,KAB. MURUNG RAYA,4339,528,10,269,15155,6286,4945,386,85,32003,MURUNG RAYA,14,1412,32003,1.0,32003.0,Layanan Cukup,10.667666666666667,9.667666666666667
380700,KAB. LANNY JAYA,425,489,0,0,17926,8378,4160,589,0,31967,LANNY JAYA,38,3807,31967,6.0,5327.833333333333,Layanan Cukup,10.655666666666667,4.655666666666667
151000,KAB. BALANGAN,4511,1824,83,85,14419,5732,3806,1376,90,31926,BALANGAN,15,1510,31926,9.0,3547.3333333333335,Layanan Cukup,10.642,1.6419999999999995
66400,KOTA SUBULUSSALAM,2688,2284,215,208,14371,6458,4318,1280,79,31901,KOTA SUBULUSSALAM,66,6640,31901,15.0,2126.733333333333,Layanan Cukup,10.633666666666667,-4.366333333333333
260500,KAB. KEPAHIANG,2721,447,156,209,14853,6913,4016,1899,82,31296,KEPAHIANG,26,2605,31296,8.0,3912.0,Layanan Cukup,10.432,2.4320000000000004
210700,KAB. KEPULAUAN ARU,1018,2363,0,624,15049,6472,3757,1468,41,30792,KEPULAUAN ARU,21,2107,30792,2.0,15396.0,Layanan Cukup,10.264,8.264
86600,KOTA PARIAMAN,1497,1557,0,244,11260,6564,4978,4108,205,30413,KOTA PARIAMAN,86,8660,30413,5.0,6082.6,Layanan Cukup,10.137666666666666,5.137666666666666
260700,KAB. KAUR,3969,639,103,0,14121,6213,4135,1112,46,30338,KAUR,26,2607,30338,7.0,4334.0,Layanan Cukup,10.112666666666666,3.112666666666666
250300,KAB. KEPULAUAN YAPEN,773,931,0,409,15597,6374,4628,1339,36,30087,KEPULAUAN YAPEN,25,2503,30087,8.0,3760.875,Layanan Cukup,10.029,2.029
270300,KAB. HALMAHERA BARAT,2619,497,0,110,13948,6441,4845,1473,92,30025,HALMAHERA BARAT,27,2703,30025,8.0,3753.125,Layanan Cukup,10.008333333333333,2.008333333333333
210200,KAB. MALUKU TENGGARA,794,3581,0,307,13174,6243,3933,1795,95,29922,MALUKU TENGGARA,21,2102,29922,4.0,7480.5,Layanan Cukup,9.974,5.974
191300,KAB. KEPULAUAN SELAYAR,4040,465,53,0,13351,6183,3633,1760,68,29553,KEPULAUAN SELAYAR,19,1913,29553,12.0,2462.75,Layanan Cukup,9.851,-2.148999999999999
300500,KAB. GORONTALO UTARA,2482,2539,0,89,13480,5675,4229,588,70,29152,GORONTALO UTARA,30,3005,29152,4.0,7288.0,Layanan Cukup,9.717333333333332,5.7173333333333325
140200,KAB. BARITO SELATAN,3319,642,9,0,12961,6147,4499,1325,96,28998,BARITO SELATAN,14,1402,28998,5.0,5799.6,Layanan Cukup,9.666,4.666
180100,KAB. BANGGAI KEPULAUAN,3113,1718,0,0,13010,5930,3374,1618,62,28825,BANGGAI KEPULAUAN,18,1801,28825,12.0,2402.0833333333335,Layanan Cukup,9.608333333333333,-2.3916666666666675
276100,KOTA TIDORE KEPULAUAN,3226,835,0,0,12228,6236,5142,1073,76,28816,KOTA TIDORE KEPULAUAN,27,2761,28816,9.0,3201.777777777778,Layanan Cukup,9.605333333333334,0.6053333333333342
176300,KOTA KOTAMOBAGU,2069,293,7,18,10833,6134,5518,3695,124,28691,KOTA KOTAMOBAGU,17,1763,28691,7.0,4098.714285714285,Layanan Cukup,9.563666666666666,2.5636666666666663
260900,KAB. BENGKULU TENGAH,1198,2372,70,0,12565,6486,4550,1029,36,28306,BENGKULU TENGAH,26,2609,28306,7.0,4043.714285714286,Layanan Cukup,9.435333333333332,2.4353333333333325
200600,KAB. WAKATOBI,3531,1522,23,0,12242,5513,4771,319,32,27953,WAKATOBI,20,2006,27953,9.0,3105.8888888888887,Layanan Cukup,9.317666666666666,0.3176666666666659
270700,KAB. KEPULAUAN SULA,2499,2280,0,0,11448,5652,4398,1235,60,27572,KEPULAUAN SULA,27,2707,27572,9.0,3063.5555555555557,Layanan Cukup,9.190666666666667,0.19066666666666698
201100,KAB. KOLAKA TIMUR,3258,355,0,0,12729,5529,4145,1298,40,27354,KOLAKA TIMUR,20,2011,27354,8.0,3419.25,Layanan Cukup,9.118,1.1180000000000003
242100,KAB. SABU RAIJUA,468,2926,0,274,11962,6002,4985,600,28,27245,SABU RAIJUA,24,2421,27245,2.0,13622.5,Layanan Cukup,9.081666666666667,7.081666666666667
131200,KAB. KAYONG UTARA,1604,702,0,285,13737,5926,3890,1061,38,27243,KAYONG UTARA,13,1312,27243,15.0,1816.2,Layanan Cukup,9.081,-5.9190000000000005
76500,KOTA SIBOLGA,1424,1383,0,41,10494,5720,4814,3221,65,27162,KOTA SIBOLGA,76,7650,27162,11.0,2469.2727272727275,Layanan Cukup,9.054,-1.9459999999999997
290600,KAB. BELITUNG TIMUR,1456,1919,27,52,12623,5906,3188,1741,130,27042,BELITUNG TIMUR,29,2906,27042,11.0,2458.3636363636365,Layanan Cukup,9.014,-1.9860000000000007
210800,KAB. MALUKU BARAT DAYA,2691,528,0,39,12984,6003,3719,976,0,26940,MALUKU BARAT DAYA,21,2108,26940,3.0,8980.0,Layanan Cukup,8.98,5.98
201400,KAB. BUTON SELATAN,3252,634,0,0,11999,5334,4588,466,7,26280,BUTON SELATAN,20,2014,26280,9.0,2920.0,Layanan Cukup,8.76,-0.2400000000000002
61600,KAB. ACEH JAYA,2905,2552,1,322,11268,5002,3146,1008,74,26278,ACEH JAYA,61,6160,26278,11.0,2388.909090909091,Layanan Cukup,8.759333333333334,-2.240666666666666
61800,KAB. GAYO LUES,2150,1162,75,0,13459,5303,3452,392,106,26099,GAYO LUES,61,6180,26099,17.0,1535.235294117647,Layanan Cukup,8.699666666666667,-8.300333333333333
86400,KOTA SOLOK,1473,1012,139,0,9509,5466,4802,3361,158,25920,KOTA SOLOK,86,8640,25920,13.0,1993.8461538461538,Layanan Cukup,8.64,-4.359999999999999
141300,KAB. BARITO TIMUR,3252,294,16,234,11976,5373,3165,1427,82,25819,BARITO TIMUR,14,1413,25819,5.0,5163.8,Layanan Cukup,8.606333333333334,3.6063333333333336
106100,KOTA SUNGAI PENUH,2157,1523,68,512,9690,5042,5068,1577,156,25793,KOTA SUNGAI PENUH,10,1061,25793,11.0,2344.818181818182,Layanan Cukup,8.597666666666667,-2.402333333333333
360600,KAB. DOGIYAI,389,0,0,0,19101,4222,962,401,291,25366,DOGIYAI,36,3606,25366,0.0,0.0,Layanan Cukup,8.455333333333334,8.455333333333334
140900,KAB. LAMANDAU,3638,1025,14,37,12194,4546,2338,1325,60,25177,LAMANDAU,14,1409,25177,2.0,12588.5,Layanan Cukup,8.392333333333333,6.392333333333333
270600,KAB. HALMAHERA TIMUR,2773,689,0,0,11375,5397,3551,950,58,24793,HALMAHERA TIMUR,27,2706,24793,6.0,4132.166666666667,Layanan Cukup,8.264333333333333,2.264333333333333
72700,KAB. NIAS BARAT,2079,637,0,99,10664,5628,3802,1768,25,24702,NIAS BARAT,72,7270,24702,8.0,3087.75,Layanan Cukup,8.234,0.23399999999999999
210900,KAB. BURU SELATAN,2320,2711,0,0,10631,4667,2716,1094,32,24171,BURU SELATAN,21,2109,24171,3.0,8057.0,Layanan Cukup,8.057,5.057
61100,KAB. SIMEULUE,1969,1045,35,0,10789,5261,4056,622,92,23869,SIMEULUE,61,6110,23869,10.0,2386.9,Layanan Cukup,7.956333333333333,-2.0436666666666667
171000,KAB. MINAHASA TENGGARA,2181,1357,25,213,11280,4528,2719,1332,96,23731,MINAHASA TENGGARA,17,1710,23731,6.0,3955.1666666666665,Layanan Cukup,7.910333333333333,1.910333333333333
201300,KAB. MUNA BARAT,2611,851,0,101,10336,5012,3623,1035,119,23688,MUNA BARAT,20,2013,23688,14.0,1692.0,Layanan Cukup,7.896,-6.104
81000,KAB. KEPULAUAN MENTAWAI,2506,121,0,0,11427,4999,4178,322,31,23584,KEPULAUAN MENTAWAI,81,8100,23584,0.0,0.0,Layanan Cukup,7.8613333333333335,7.8613333333333335
260600,KAB. LEBONG,1660,889,173,335,11732,4654,2825,1186,54,23508,LEBONG,26,2606,23508,3.0,7836.0,Layanan Cukup,7.836,4.836
241800,KAB. SUMBA TENGAH,1163,2291,33,525,9959,4865,3446,1064,72,23418,SUMBA TENGAH,24,2418,23418,1.0,23418.0,Layanan Cukup,7.806,6.806
86200,KOTA PADANG PANJANG,1362,898,265,0,6995,5545,6065,1756,313,23199,KOTA PADANG PANJANG,86,8620,23199,7.0,3314.1428571428573,Layanan Cukup,7.733,0.7329999999999997
340100,KAB. MALINAU,1510,1887,0,0,10345,4883,3262,877,139,22903,MALINAU,34,3401,22903,3.0,7634.333333333333,Layanan Cukup,7.634333333333333,4.634333333333333
170300,KAB. KEPULAUAN SANGIHE,1215,1584,0,86,10101,5011,2736,1897,64,22694,KEPULAUAN SANGIHE,17,1703,22694,9.0,2521.5555555555557,Layanan Cukup,7.564666666666667,-1.4353333333333333
320100,KAB. FAK FAK,987,1780,0,20,10568,4470,2881,1038,0,21744,FAK FAK,32,3201,21744,7.0,3106.285714285714,Layanan Cukup,7.248,0.24800000000000022
176200,KOTA TOMOHON,1544,306,0,16,8510,5030,3944,2192,116,21658,KOTA TOMOHON,17,1762,21658,11.0,1968.909090909091,Layanan Cukup,7.219333333333333,-3.780666666666667
370200,KAB. BOVEN DIGOEL,1273,329,0,0,12993,4375,1456,1167,0,21593,BOVEN DIGOEL,37,3702,21593,1.0,21593.0,Layanan Cukup,7.197666666666667,6.197666666666667
380400,KAB. TOLIKARA,336,175,0,0,15221,4475,1209,148,0,21564,TOLIKARA,38,3804,21564,0.0,0.0,Layanan Cukup,7.188,7.188
310400,KAB. LINGGA,631,657,23,1274,9779,4643,3704,451,50,21212,LINGGA,31,3104,21212,5.0,4242.4,Layanan Cukup,7.070666666666667,2.070666666666667
216100,KOTA TUAL,678,1852,0,384,9436,4333,3279,1049,22,21033,KOTA TUAL,21,2161,21033,4.0,5258.25,Layanan Cukup,7.011,3.011
270100,KAB. PULAU TALIABU,1805,3923,0,61,8354,3668,2151,726,14,20702,PULAU TALIABU,27,2701,20702,7.0,2957.4285714285716,Layanan Cukup,6.900666666666667,-0.09933333333333305
310300,KAB. NATUNA,2136,925,0,0,8879,4495,3752,385,76,20648,NATUNA,31,3103,20648,12.0,1720.6666666666667,Layanan Cukup,6.882666666666666,-5.117333333333334
320400,KAB. TELUK BINTUNI,2040,616,0,0,10149,4224,2743,603,0,20375,TELUK BINTUNI,32,3204,20375,5.0,4075.0,Layanan Cukup,6.791666666666667,1.791666666666667
200900,KAB. KONAWE UTARA,2519,987,0,0,9540,3807,2934,285,46,20118,KONAWE UTARA,20,2009,20118,5.0,4023.6,Layanan Cukup,6.706,1.7060000000000004
320200,KAB. KAIMANA,1099,898,0,0,10592,3868,2249,1080,0,19786,KAIMANA,32,3202,19786,6.0,3297.6666666666665,Layanan Cukup,6.5953333333333335,0.5953333333333335
270200,KAB. HALMAHERA TENGAH,2563,86,0,0,9499,3945,2289,1290,34,19706,HALMAHERA TENGAH,27,2702,19706,1.0,19706.0,Layanan Cukup,6.568666666666667,5.568666666666667
170400,KAB. KEPULAUAN TALAUD,1654,1925,0,0,8306,4198,2848,709,64,19704,KEPULAUAN TALAUD,17,1704,19704,5.0,3940.8,Layanan Cukup,6.568,1.5679999999999996
201000,KAB. BUTON UTARA,2799,452,0,0,8720,3984,3049,611,55,19670,BUTON UTARA,20,2010,19670,5.0,3934.0,Layanan Cukup,6.556666666666667,1.5566666666666666
390200,KAB. RAJA AMPAT,932,550,0,72,10272,4325,2669,692,12,19524,RAJA AMPAT,39,3902,19524,7.0,2789.1428571428573,Layanan Cukup,6.508,-0.492
181100,KAB. BANGGAI LAUT,2120,783,0,90,8832,3960,2081,1268,31,19165,BANGGAI LAUT,18,1811,19165,7.0,2737.8571428571427,Layanan Cukup,6.388333333333334,-0.6116666666666664
270800,KAB. PULAU MOROTAI,716,3612,0,49,7719,3126,2339,835,45,18441,PULAU MOROTAI,27,2708,18441,3.0,6147.0,Layanan Cukup,6.147,3.1470000000000002
170800,KAB. BOLAANG MONGONDOW UTARA,1656,1472,0,22,8204,3556,2391,890,0,18191,BOLAANG MONGONDOW UTARA,17,1708,18191,2.0,9095.5,Layanan Cukup,6.063666666666666,4.063666666666666
252000,KAB. KEEROM,1667,170,24,0,9385,3776,2305,856,0,18183,KEEROM,25,2520,18183,6.0,3030.5,Layanan Cukup,6.061,0.06099999999999994
380200,KAB. PEGUNUNGAN BINTANG,594,1632,0,0,10223,3871,1422,416,0,18158,PEGUNUNGAN BINTANG,38,3802,18158,0.0,0.0,Layanan Cukup,6.052666666666667,6.052666666666667
171200,KAB. BOLAANG MONGONDOW SELATAN,2124,824,0,0,7854,3232,1566,813,0,16413,BOLAANG MONGONDOW SELATAN,17,1712,16413,6.0,2735.5,Layanan Cukup,5.471,-0.5289999999999999
171100,KAB. BOLAANG MONGONDOW TIMUR,1490,853,0,10,7704,3249,1124,1120,22,15572,BOLAANG MONGONDOW TIMUR,17,1711,15572,3.0,5190.666666666667,Layanan Cukup,5.190666666666667,2.190666666666667
140800,KAB. SUKAMARA,2074,839,30,65,7096,2952,1730,631,19,15436,SUKAMARA,14,1408,15436,1.0,15436.0,Layanan Cukup,5.145333333333333,4.145333333333333
390300,KAB. SORONG SELATAN,691,188,0,46,7641,3777,1843,940,0,15126,SORONG SELATAN,39,3903,15126,3.0,5042.0,Layanan Cukup,5.042,2.042
71800,KAB. PAKPAK BHARAT,521,1244,18,21,6535,3234,2377,479,24,14453,PAKPAK BHARAT,71,7180,14453,3.0,4817.666666666667,Layanan Cukup,4.817666666666667,1.8176666666666668
86300,KOTA SAWAHLUNTO,881,201,45,940,5888,2266,1465,1288,166,13140,KOTA SAWAHLUNTO,86,8630,13140,3.0,4380.0,Layanan Cukup,4.38,1.38
251900,KAB. SARMI,680,558,0,142,6183,2739,2070,306,0,12678,SARMI,25,2519,12678,3.0,4226.0,Layanan Cukup,4.226,1.226
320300,KAB. TELUK WONDAMA,987,0,0,0,6436,2749,1729,325,0,12226,TELUK WONDAMA,32,3203,12226,2.0,6113.0,Layanan Cukup,4.075333333333333,2.075333333333333
310500,KAB. KEPULAUAN ANAMBAS,1026,904,28,0,5410,2387,1841,348,14,11958,KEPULAUAN ANAMBAS,31,3105,11958,3.0,3986.0,Layanan Cukup,3.986,0.9860000000000002
252800,KAB. MAMBERAMO RAYA,488,340,0,0,7073,2546,1001,286,0,11734,MAMBERAMO RAYA,25,2528,11734,0.0,0.0,Layanan Cukup,3.9113333333333333,3.9113333333333333
170900,KAB. KEP. SIAU TAGULANDANG BIARO,846,378,0,0,5286,2661,1704,694,13,11582,KEPULAUAN SIAU TAGULANDANG BIARO,17,1709,11582,11.0,1052.909090909091,Layanan Cukup,3.8606666666666665,-7.139333333333333
380600,KAB. YALIMO,186,0,34,0,7181,2391,1033,249,0,11074,YALIMO,38,3806,11074,0.0,0.0,Layanan Cukup,3.691333333333333,3.691333333333333
201200,KAB. KONAWE KEPULAUAN,1464,522,0,0,4684,1919,1331,200,58,10178,KONAWE KEPULAUAN,20,2012,10178,2.0,5089.0,Layanan Cukup,3.3926666666666665,1.3926666666666665
360200,KAB. PUNCAK JAYA,308,45,22,166,6569,1791,788,396,0,10085,PUNCAK JAYA,36,3602,10085,0.0,0.0,Layanan Cukup,3.361666666666667,3.361666666666667
66000,KOTA SABANG,1051,303,73,23,4548,2059,1437,387,59,9940,KOTA SABANG,66,6600,9940,3.0,3313.3333333333335,Layanan Cukup,3.3133333333333335,0.31333333333333346
321200,KAB. MANOKWARI SELATAN,531,480,0,0,4589,2034,1408,191,0,9233,MANOKWARI SELATAN,32,3212,9233,4.0,2308.25,Layanan Cukup,3.0776666666666666,-0.9223333333333334
252600,KAB. WAROPEN,92,248,0,531,4419,1945,1271,343,30,8879,WAROPEN,25,2526,8879,2.0,4439.5,Layanan Cukup,2.9596666666666667,0.9596666666666667
252700,KAB. SUPIORI,742,87,0,357,3928,1765,1682,53,0,8614,SUPIORI,25,2527,8614,1.0,8614.0,Layanan Cukup,2.8713333333333333,1.8713333333333333
161200,KAB. MAHAKAM ULU,1073,523,5,0,4025,1714,1083,120,4,8547,MAHAKAM ULU,16,1612,8547,0.0,0.0,Layanan Cukup,2.849,2.849
340300,KAB. TANA TIDUNG,310,910,105,0,3723,1562,1026,68,46,7750,TANA TIDUNG,34,3403,7750,1.0,7750.0,Layanan Cukup,2.5833333333333335,1.5833333333333335
380800,KAB. NDUGA,259,0,0,0,4804,1526,275,241,0,7105,NDUGA,38,3808,7105,0.0,0.0,Layanan Cukup,2.368333333333333,2.368333333333333
390500,KAB. TAMBRAUW,251,202,0,0,3946,1393,495,266,0,6553,TAMBRAUW,39,3905,6553,0.0,0.0,Layanan Cukup,2.1843333333333335,2.1843333333333335
321100,KAB. PEGUNUNGAN ARFAK,80,345,0,6,4218,1186,510,79,0,6424,PEGUNUNGAN ARFAK,32,3211,6424,0.0,0.0,Layanan Cukup,2.1413333333333333,2.1413333333333333
380500,KAB. MAMBERAMO TENGAH,290,0,0,0,3975,1419,609,0,0,6293,MAMBERAMO TENGAH,38,3805,6293,0.0,0.0,Layanan Cukup,2.0976666666666666,2.0976666666666666
360700,KAB. INTAN JAYA,46,0,0,0,4788,960,107,0,0,5901,INTAN JAYA,36,3607,5901,0.0,0.0,Layanan Cukup,1.967,1.967
10100,KAB. ADM. KEP. SERIBU,531,13,0,664,2539,1123,573,382,0,5825,ADM. KEPULAUAN SERIBU,10,1010,5825,7.0,832.1428571428571,Layanan Cukup,1.9416666666666667,-5.058333333333334
390100,KAB. MAYBRAT,346,0,0,0,3260,1110,500,114,0,5330,MAYBRAT,39,3901,5330,0.0,0.0,Layanan Cukup,1.7766666666666666,1.7766666666666666
360500,KAB. PUNCAK,78,72,0,0,3215,778,396,46,0,4585,PUNCAK,36,3605,4585,0.0,0.0,Layanan Cukup,1.5283333333333333,1.5283333333333333
